Descriptores,2003,2004,2005,2006,2007,2008,2009,2010,2011,2012,2013,2014,2015,2016,2017,2018,2019,2020,2021,2022<R>,2023<P>
Millones de pesos a precios de 2018|B.1bV---Valor agregado bruto|Estados Unidos Mexicanos<C1>,6893.918,6607.349,6951.523999999999,6307.490000000001,7190.266,6861.095,6977.216,7276.351999999999,7341.563,7054.111000000001,7631.996000000001,8353.092,10072.683,10435.048999999999,9744.366,9602.664,7801.647,7299.256999999999,8093.383999999999,7563.0430000000015,7896.798000000001
Millones de pesos a precios de 2018|B.1bV---Valor agregado bruto|Aguascalientes<C1>,0,0,0,0,0,0,0,0,0,0,0,0,0,0,0,0,0,0,0,0,0
Millones de pesos a precios de 2018|B.1bV---Valor agregado bruto|Baja California<C1>,444.921,361.313,368.719,374.754,322.631,385.253,351.941,479.187,458.86,425.201,547.177,575.829,471.122,449.664,476.596,458.511,425.907,471.443,486.827,451.898,475.221
Millones de pesos a precios de 2018|B.1bV---Valor agregado bruto|Baja California Sur<C1>,764.675,690.88,896.127,839.392,742.69,886.535,702.579,1048.33,809.821,778.994,642.053,952.375,979.924,953.423,1008.438,985.875,719.222,730.124,714.483,676.34,682.214
Millones de pesos a precios de 2018|B.1bV---Valor agregado bruto|Campeche<C1>,478.196,392.545,387.266,350.786,314.521,332.872,384.988,469.472,505.545,533.601,441.15,478.273,616.268,631.277,543.958,665.682,492.265,466.732,599.487,557.149,451.898
Millones de pesos a precios de 2018|B.1bV---Valor agregado bruto|Coahuila de Zaragoza<C1>,0,0,0,0,0,0,0,0,0,0,0,0,0,0,0,0,0,0,0,0,0
Millones de pesos a precios de 2018|B.1bV---Valor agregado bruto|Colima<C1>,173.646,160.152,186.172,107.787,95.668,104.387,107.448,155.793,150.469,154.577,170.791,182.258,207.202,171.544,136.077,136.656,114.557,110.32,114.543,108.766,146.175
Millones de pesos a precios de 2018|B.1bV---Valor agregado bruto|Chiapas<C1>,296.211,208.878,205.074,144.909,184.656,197.319,345.004,307.974,254.061,261.541,355.345,452.971,334.205,330.501,328.281,309.106,241.055,149.791,268.829,225.455,288.033
Millones de pesos a precios de 2018|B.1bV---Valor agregado bruto|Chihuahua<C1>,0,0,0,0,0,0,0,0,0,0,0,0,0,0,0,0,0,0,0,0,0
Millones de pesos a precios de 2018|B.1bV---Valor agregado bruto|Ciudad de México<C1>,0,0,0,0,0,0,0,0,0,0,0,0,0,0,0,0,0,0,0,0,0
Millones de pesos a precios de 2018|B.1bV---Valor agregado bruto|Durango<C1>,0,0,0,0,0,0,0,0,0,0,0,0,0,0,0,0,0,0,0,0,0
Millones de pesos a precios de 2018|B.1bV---Valor agregado bruto|Guanajuato<C1>,0,0,0,0,0,0,0,0,0,0,0,0,0,0,0,0,0,0,0,0,0
Millones de pesos a precios de 2018|B.1bV---Valor agregado bruto|Guerrero<C1>,40.331,41.641,62.453,58.201,56.576,65.088,83.401,56.49,69.506,76.492,81.437,107.373,181.65,229.93,255.176,203.786,115.993,96.848,86.006,75.213,73.926
Millones de pesos a precios de 2018|B.1bV---Valor agregado bruto|Hidalgo<C1>,0,0,0,0,0,0,0,0,0,0,0,0,0,0,0,0,0,0,0,0,0
Millones de pesos a precios de 2018|B.1bV---Valor agregado bruto|Jalisco<C1>,80.028,108.389,83.12,82.209,297.393,120.552,74.04,79.964,51.318,57.245,130.273,140.224,137.329,154.676,167.061,153.203,141.385,86.952,59.079,46.515,70.368
Millones de pesos a precios de 2018|B.1bV---Valor agregado bruto|México<C1>,0,0,0,0,0,0,0,0,0,0,0,0,0,0,0,0,0,0,0,0,0
Millones de pesos a precios de 2018|B.1bV---Valor agregado bruto|Michoacán de Ocampo<C1>,72.38,74.959,49.99,52.118,131.468,48.719,28.44,78.305,41.251,24.697,47.952,152.79,217.796,234.832,158.343,134.98,61.958,38.24,43.397,18.27,25.143
Millones de pesos a precios de 2018|B.1bV---Valor agregado bruto|Morelos<C1>,0,0,0,0,0,0,0,0,0,0,0,0,0,0,0,0,0,0,0,0,0
Millones de pesos a precios de 2018|B.1bV---Valor agregado bruto|Nayarit<C1>,294.464,289.324,241.393,193.274,295.663,250.603,252.377,248.249,395.132,370.922,351.956,368.351,493.057,772.175,849.167,798.678,706.819,689.585,788.314,653.132,444.033
Millones de pesos a precios de 2018|B.1bV---Valor agregado bruto|Nuevo León<C1>,0,0,0,0,0,0,0,0,0,0,0,0,0,0,0,0,0,0,0,0,0
Millones de pesos a precios de 2018|B.1bV---Valor agregado bruto|Oaxaca<C1>,130.951,124.986,118.306,95.67,109.219,78.397,98.57,143.471,108.655,92.775,162.589,170.985,212.381,192.594,230.732,181.109,113.121,109.323,69.717,71.175,100.498
Millones de pesos a precios de 2018|B.1bV---Valor agregado bruto|Puebla<C1>,0,0,0,0,0,0,0,0,0,0,0,0,0,0,0,0,0,0,0,0,0
Millones de pesos a precios de 2018|B.1bV---Valor agregado bruto|Querétaro<C1>,0,0,0,0,0,0,0,0,0,0,0,0,0,0,0,0,0,0,0,0,0
Millones de pesos a precios de 2018|B.1bV---Valor agregado bruto|Quintana Roo<C1>,65.902,64.5,59.498,66.451,67.45,64.365,79.961,83.563,91.502,73.165,74.61,75.339,82.664,78.779,72.225,69.833,63.604,49.202,62.228,46.29,88.015
Millones de pesos a precios de 2018|B.1bV---Valor agregado bruto|San Luis Potosí<C1>,0,0,0,0,0,0,0,0,0,0,0,0,0,0,0,0,0,0,0,0,0
Millones de pesos a precios de 2018|B.1bV---Valor agregado bruto|Sinaloa<C1>,1152.975,1266.966,1656.792,1408.693,2087.287,1812.734,1482.165,1367.014,1732.462,1600.589,2086.791,1873.795,2550.659,2465.091,1866.021,1934.187,1826.21,1696.774,1712.364,1916.122,2149.936
Millones de pesos a precios de 2018|B.1bV---Valor agregado bruto|Sonora<C1>,1098.061,1077.587,783.855,790.525,694.682,1043.349,1277.925,919.045,1019.185,868.543,934.278,1169.92,1377.874,1224.225,1306.792,1123.099,1037.628,1068.541,1153.744,1120.721,1255.287
Millones de pesos a precios de 2018|B.1bV---Valor agregado bruto|Tabasco<C1>,314.857,252.541,268.445,247.122,267.238,233.936,187.205,206.389,225.373,211.38,241.104,194.54,265.91,278.193,274.871,234.828,128.542,120.784,114.285,99.867,154.537
Millones de pesos a precios de 2018|B.1bV---Valor agregado bruto|Tamaulipas<C1>,488.237,471.79,697.301,424.606,507.09,468.243,461.472,587.281,409.804,429.611,312.917,365.197,562.026,683.023,566.957,619.687,571.001,482.123,493.807,345.654,381.941
Millones de pesos a precios de 2018|B.1bV---Valor agregado bruto|Tlaxcala<C1>,0,0,0,0,0,0,0,0,0,0,0,0,0,0,0,0,0,0,0,0,0
Millones de pesos a precios de 2018|B.1bV---Valor agregado bruto|Veracruz de Ignacio de la Llave<C1>,636.905,576.653,575.307,577.399,577.397,428.296,419.618,437.985,395.917,436.085,434.113,398.257,597.836,695.492,732.188,669.292,288.794,331.908,383.811,402.371,478.901
Millones de pesos a precios de 2018|B.1bV---Valor agregado bruto|Yucatán<C1>,361.178,444.245,311.706,493.594,438.637,340.447,640.082,607.84,622.702,658.693,617.46,694.615,784.78,889.63,771.483,924.152,753.586,600.567,942.463,748.105,630.672
Millones de pesos a precios de 2018|B.1bV---Valor agregado bruto|Zacatecas<C1>,0,0,0,0,0,0,0,0,0,0,0,0,0,0,0,0,0,0,0,0,0
Variación porcentual anual en valores constantes|B.1bV---Valor agregado bruto|Estados Unidos Mexicanos<C1>,NA,-4.156837954847,5.20897261519,-9.26464470237,13.995678154068,-4.578008657816,1.69245579605,4.287326062429,0.896204581637,-3.915406024575,8.19217332985,9.448327803107,20.586281104051,3.597512202062,-6.618876442267,-1.454194146648,-18.755389129517,-6.439537702744,10.879559385291,-6.552771992531,4.412972397486
Variación porcentual anual en valores constantes|B.1bV---Valor agregado bruto|Aguascalientes<C1>,NA,NA,NA,NA,NA,NA,NA,NA,NA,NA,NA,NA,NA,NA,NA,NA,NA,NA,NA,NA,NA
Variación porcentual anual en valores constantes|B.1bV---Valor agregado bruto|Baja California<C1>,NA,-18.791650652588,2.049746341814,1.63674776727,-13.908590702167,19.40979013176,-8.646785359231,36.155491971666,-4.241976514388,-7.335352830929,28.686668187516,5.236331205442,-18.183696896127,-4.554658878167,5.989360945061,-3.794618502883,-7.110843578453,10.691535945641,3.263172854407,-7.174828018988,5.161120429832
Variación porcentual anual en valores constantes|B.1bV---Valor agregado bruto|Baja California Sur<C1>,NA,-9.650505116553,29.708053496989,-6.331133868302,-11.520481491365,19.36810782426,-20.749998590016,49.211690073287,-22.751328303111,-3.806643690396,-17.579211136414,48.332770036119,2.892663079144,-2.704393401937,5.770261468414,-2.237420644601,-27.047343730189,1.515804577724,-2.142238852578,-5.338545493735,0.868498092675
Variación porcentual anual en valores constantes|B.1bV---Valor agregado bruto|Campeche<C1>,NA,-17.911274874738,-1.344813970373,-9.419881941611,-10.338211901273,5.834586561788,15.656468552477,21.944580090808,7.683738327312,5.549654333442,-17.325867080459,8.415051569761,28.85276818888,2.435466388,-13.832121239963,22.377462965891,-26.051027367422,-5.186840421318,28.443517907493,-7.062371661104,-18.890996842855
Variación porcentual anual en valores constantes|B.1bV---Valor agregado bruto|Coahuila de Zaragoza<C1>,NA,NA,NA,NA,NA,NA,NA,NA,NA,NA,NA,NA,NA,NA,NA,NA,NA,NA,NA,NA,NA
Variación porcentual anual en valores constantes|B.1bV---Valor agregado bruto|Colima<C1>,NA,-7.770982343388,16.247065287976,-42.103538663172,-11.243470919499,9.113810260484,2.932357477464,44.993857493858,-3.417355080138,2.730130458766,10.489270719447,6.71405401924,13.68609334021,-17.209293346589,-20.675162057548,0.425494389206,-16.17126214729,-3.698595459029,3.827955039884,-5.043520773858,34.394020190133
Variación porcentual anual en valores constantes|B.1bV---Valor agregado bruto|Chiapas<C1>,NA,-29.483375026586,-1.821158762531,-29.338190116738,27.428938161191,6.857616324409,74.845808057004,-10.733208890332,-17.505698532993,2.944174824156,35.865887184036,27.473582011848,-26.219338544852,-1.108301790817,-0.671707498616,-5.841032530058,-22.015425129244,-37.86023936446,79.469394022338,-16.134420021649,27.756315007429
Variación porcentual anual en valores constantes|B.1bV---Valor agregado bruto|Chihuahua<C1>,NA,NA,NA,NA,NA,NA,NA,NA,NA,NA,NA,NA,NA,NA,NA,NA,NA,NA,NA,NA,NA
Variación porcentual anual en valores constantes|B.1bV---Valor agregado bruto|Ciudad de México<C1>,NA,NA,NA,NA,NA,NA,NA,NA,NA,NA,NA,NA,NA,NA,NA,NA,NA,NA,NA,NA,NA
Variación porcentual anual en valores constantes|B.1bV---Valor agregado bruto|Durango<C1>,NA,NA,NA,NA,NA,NA,NA,NA,NA,NA,NA,NA,NA,NA,NA,NA,NA,NA,NA,NA,NA
Variación porcentual anual en valores constantes|B.1bV---Valor agregado bruto|Guanajuato<C1>,NA,NA,NA,NA,NA,NA,NA,NA,NA,NA,NA,NA,NA,NA,NA,NA,NA,NA,NA,NA,NA
Variación porcentual anual en valores constantes|B.1bV---Valor agregado bruto|Guerrero<C1>,NA,3.24812179217,49.979587425854,-6.808319856532,-2.792048246594,15.045248868778,28.1357546706,-32.266999196652,23.041246238272,10.05093085489,6.464728337604,31.847931529894,69.176608644631,26.578585191302,10.979863436698,-20.139041289149,-43.080977103432,-16.505306354694,-11.194862051875,-12.549124479688,-1.711140361374
Variación porcentual anual en valores constantes|B.1bV---Valor agregado bruto|Hidalgo<C1>,NA,NA,NA,NA,NA,NA,NA,NA,NA,NA,NA,NA,NA,NA,NA,NA,NA,NA,NA,NA,NA
Variación porcentual anual en valores constantes|B.1bV---Valor agregado bruto|Jalisco<C1>,NA,35.438846403759,-23.313251344694,-1.096005774783,261.752362879977,-59.463739899729,-38.582520406132,8.001080497029,-35.823620629283,11.549553762812,127.570966896672,7.638574378421,-2.064553856686,12.631709252962,8.007059918798,-8.295173619217,-7.713948160284,-38.499840860063,-32.055616892078,-21.266439851724,51.280232183167
Variación porcentual anual en valores constantes|B.1bV---Valor agregado bruto|México<C1>,NA,NA,NA,NA,NA,NA,NA,NA,NA,NA,NA,NA,NA,NA,NA,NA,NA,NA,NA,NA,NA
Variación porcentual anual en valores constantes|B.1bV---Valor agregado bruto|Michoacán de Ocampo<C1>,NA,3.563138988671,-33.310209581238,4.256851370274,152.2506619594,-62.942312958286,-41.624417578358,175.334036568214,-47.320094502267,-40.12993624397,94.161234157995,218.631131131131,42.545978139931,7.821998567467,-32.571796007359,-14.75467813544,-54.098384945918,-38.280770844766,13.485878661088,-57.900315690025,37.619047619048
Variación porcentual anual en valores constantes|B.1bV---Valor agregado bruto|Morelos<C1>,NA,NA,NA,NA,NA,NA,NA,NA,NA,NA,NA,NA,NA,NA,NA,NA,NA,NA,NA,NA,NA
Variación porcentual anual en valores constantes|B.1bV---Valor agregado bruto|Nayarit<C1>,NA,-1.745544446859,-16.566548229666,-19.933883749736,52.976085764252,-15.240324288125,0.707892563138,-1.635648256378,59.16760994002,-6.127066398064,-5.113204393377,4.658252736137,33.855208754693,56.609682044875,9.970796775342,-5.945709147906,-11.501381032156,-2.438247981449,14.31716177121,-17.148242959024,-32.014814769449
Variación porcentual anual en valores constantes|B.1bV---Valor agregado bruto|Nuevo León<C1>,NA,NA,NA,NA,NA,NA,NA,NA,NA,NA,NA,NA,NA,NA,NA,NA,NA,NA,NA,NA,NA
Variación porcentual anual en valores constantes|B.1bV---Valor agregado bruto|Oaxaca<C1>,NA,-4.555138945102,-5.344598595043,-19.133433638193,14.162224312742,-28.220364588579,25.731851984132,45.552399310135,-24.266925023175,-14.615066034697,75.250875774724,5.163940980017,24.210310845981,-9.316746789967,19.802278367966,-21.506769758854,-37.539824083839,-3.357466783356,-36.228424027881,2.091312018589,41.198454513523
Variación porcentual anual en valores constantes|B.1bV---Valor agregado bruto|Puebla<C1>,NA,NA,NA,NA,NA,NA,NA,NA,NA,NA,NA,NA,NA,NA,NA,NA,NA,NA,NA,NA,NA
Variación porcentual anual en valores constantes|B.1bV---Valor agregado bruto|Querétaro<C1>,NA,NA,NA,NA,NA,NA,NA,NA,NA,NA,NA,NA,NA,NA,NA,NA,NA,NA,NA,NA,NA
Variación porcentual anual en valores constantes|B.1bV---Valor agregado bruto|Quintana Roo<C1>,NA,-2.127401292829,-7.75503875969,11.686107096037,1.503363380536,-4.573758339511,24.230560087004,4.504696039319,9.500616301473,-20.039999125702,1.97498804073,0.977080820265,9.722719972391,-4.69974837898,-8.319476002488,-3.311872620284,-8.91985164607,-22.643229985536,26.474533555547,-25.612264575432,90.138258803197
Variación porcentual anual en valores constantes|B.1bV---Valor agregado bruto|San Luis Potosí<C1>,NA,NA,NA,NA,NA,NA,NA,NA,NA,NA,NA,NA,NA,NA,NA,NA,NA,NA,NA,NA,NA
Variación porcentual anual en valores constantes|B.1bV---Valor agregado bruto|Sinaloa<C1>,NA,9.886684446757,30.768465767827,-14.974661876687,48.171886990281,-13.153581658871,-18.235935333038,-7.769108027784,26.733303389724,-7.611884127906,30.376442672041,-10.206867865541,36.122628142353,-3.354740872849,-24.302145438039,3.653013551294,-5.582552255806,-7.087684329842,0.918802386175,11.899222361601,12.202458924849
Variación porcentual anual en valores constantes|B.1bV---Valor agregado bruto|Sonora<C1>,NA,-1.864559437044,-27.258309537884,0.850922683404,-12.123968248949,50.190878704213,22.482985079777,-28.08302521666,10.896093227209,-14.780633545431,7.568422058551,25.221829048741,17.77506154267,-11.151164765429,6.744430149687,-14.056789450808,-7.610281907472,2.979198710906,7.973769841307,-2.862246737578,12.007091863185
Variación porcentual anual en valores constantes|B.1bV---Valor agregado bruto|Tabasco<C1>,NA,-19.791842010818,6.297591282208,-7.943154091155,8.140108934049,-12.461551126711,-19.975976335408,10.247589540878,9.198164630867,-6.208818270157,14.061879080329,-19.312827659433,36.686542613344,4.619232071001,-1.194135006992,-14.56792459008,-45.261212461887,-6.03538143175,-5.380679560207,-12.61582884893,54.742807934553
Variación porcentual anual en valores constantes|B.1bV---Valor agregado bruto|Tamaulipas<C1>,NA,-3.368650880617,47.799020750758,-39.107214818278,19.426009053099,-7.660770277466,-1.446044041235,27.262542472783,-30.22011609434,4.833286156309,-27.162712314163,16.707305771179,53.896663992311,21.528719311918,-16.992985594921,9.300528964278,-7.856546934178,-15.565296733281,2.423447958301,-30.002207340115,10.49807032466
Variación porcentual anual en valores constantes|B.1bV---Valor agregado bruto|Tlaxcala<C1>,NA,NA,NA,NA,NA,NA,NA,NA,NA,NA,NA,NA,NA,NA,NA,NA,NA,NA,NA,NA,NA
Variación porcentual anual en valores constantes|B.1bV---Valor agregado bruto|Veracruz de Ignacio de la Llave<C1>,NA,-9.460123566309,-0.233415936447,0.363631939121,-0.000346380925,-25.82296063194,-2.026168817827,4.3770762932,-9.604895144811,10.145560811988,-0.452205418668,-8.259600610901,50.113117911299,16.334914591962,5.276264859984,-8.590143515054,-56.850821465071,14.928980518986,15.637767092086,4.835713411028,19.019760370404
Variación porcentual anual en valores constantes|B.1bV---Valor agregado bruto|Yucatán<C1>,NA,22.998909125141,-29.834663305158,58.352421833394,-11.134049441444,-22.385252498079,88.012230978684,-5.037167112964,2.445051329297,5.779811209856,-6.259820584096,12.495546270204,12.980571971524,13.360432223043,-13.280464912379,19.789029699942,-18.456487677352,-20.305446226443,56.92886888557,-20.622348039127,-15.697395419092
Variación porcentual anual en valores constantes|B.1bV---Valor agregado bruto|Zacatecas<C1>,NA,NA,NA,NA,NA,NA,NA,NA,NA,NA,NA,NA,NA,NA,NA,NA,NA,NA,NA,NA,NA
Estructura porcentual en valores constantes|B.1bV---Valor agregado bruto|Estados Unidos Mexicanos<C1>,100,100,100,100,100,100,100,100,100,100,100,100,100,100,100,100,100,100,100,100,100
Estructura porcentual en valores constantes|B.1bV---Valor agregado bruto|Aguascalientes<C1>,0,0,0,0,0,0,0,0,0,0,0,0,0,0,0,0,0,0,0,0,0
Estructura porcentual en valores constantes|B.1bV---Valor agregado bruto|Baja California<C1>,6.453819148995,5.468350468546,5.304146256274,5.941412511157,4.487052356617,5.615036666888,5.044146547849,6.585539017354,6.250167709519,6.027704979408,7.169513715678,6.893602991563,4.677224528956,4.309169990481,4.890990342522,4.774831234332,5.459193424158,6.458780667676,6.015122969576,5.975081723058,6.017894848013
Estructura porcentual en valores constantes|B.1bV---Valor agregado bruto|Baja California Sur<C1>,11.092023432829,10.456235927601,12.891086904109,13.307860971639,10.329103262661,12.921188235989,10.069618025298,14.407356873334,11.030634757204,11.043120812814,8.412648539124,11.401466666475,9.728530124496,9.136737163381,10.348933937826,10.266682245677,9.218848276524,10.002716714866,8.827988391506,8.942696742568,8.639121831406
Estructura porcentual en valores constantes|B.1bV---Valor agregado bruto|Campeche<C1>,6.936490976539,5.94103626129,5.570951060516,5.561419835783,4.374260980053,4.851587100893,5.517788183711,6.452024311083,6.886067721546,7.564397554844,5.780270325089,5.72570013595,6.118211006938,6.049583475842,5.582282110504,6.932263796796,6.309757414043,6.394239852084,7.407124139915,7.366730560702,5.722547290687
Estructura porcentual en valores constantes|B.1bV---Valor agregado bruto|Coahuila de Zaragoza<C1>,0,0,0,0,0,0,0,0,0,0,0,0,0,0,0,0,0,0,0,0,0
Estructura porcentual en valores constantes|B.1bV---Valor agregado bruto|Colima<C1>,2.518828915575,2.42384653815,2.678146547433,1.708873101662,1.330521012714,1.521433532111,1.539983856025,2.141086632422,2.049549939161,2.191303765988,2.237828741,2.181922574299,2.057068608235,1.643921365391,1.396468482403,1.423105088338,1.468369435326,1.511386706894,1.41526708729,1.438124839433,1.8510667235
Estructura porcentual en valores constantes|B.1bV---Valor agregado bruto|Chiapas<C1>,4.296700366903,3.161298124255,2.950058145523,2.297411490149,2.568138647444,2.875911206593,4.944722938203,4.23253300555,3.460584619379,3.707639417639,4.655990385739,5.422794337714,3.317934258429,3.167220393503,3.368931339402,3.218960905016,3.089796295577,2.052140375383,3.321589584777,2.981009099115,3.64746571965
Estructura porcentual en valores constantes|B.1bV---Valor agregado bruto|Chihuahua<C1>,0,0,0,0,0,0,0,0,0,0,0,0,0,0,0,0,0,0,0,0,0
Estructura porcentual en valores constantes|B.1bV---Valor agregado bruto|Ciudad de México<C1>,0,0,0,0,0,0,0,0,0,0,0,0,0,0,0,0,0,0,0,0,0
Estructura porcentual en valores constantes|B.1bV---Valor agregado bruto|Durango<C1>,0,0,0,0,0,0,0,0,0,0,0,0,0,0,0,0,0,0,0,0,0
Estructura porcentual en valores constantes|B.1bV---Valor agregado bruto|Guanajuato<C1>,0,0,0,0,0,0,0,0,0,0,0,0,0,0,0,0,0,0,0,0,0
Estructura porcentual en valores constantes|B.1bV---Valor agregado bruto|Guerrero<C1>,0.585022914401,0.63022249922,0.898407313274,0.922728375313,0.786841543832,0.948653239753,1.195333496913,0.776350566877,0.946746626025,1.084360594836,1.067047204951,1.285428198325,1.803392402997,2.203439581357,2.618702951018,2.122181927848,1.48677580516,1.326819976335,1.062670447862,0.99448066076,0.936151589543
Estructura porcentual en valores constantes|B.1bV---Valor agregado bruto|Hidalgo<C1>,0,0,0,0,0,0,0,0,0,0,0,0,0,0,0,0,0,0,0,0,0
Estructura porcentual en valores constantes|B.1bV---Valor agregado bruto|Jalisco<C1>,1.160849316746,1.640430980716,1.195709027258,1.303355217369,4.136050043211,1.757037324217,1.061168236729,1.098957279692,0.699006464972,0.811512605912,1.706932236338,1.678707716855,1.363380541212,1.482273825451,1.714436834577,1.595421853769,1.812245542512,1.191244533519,0.72996659988,0.615030219979,0.891095352825
Estructura porcentual en valores constantes|B.1bV---Valor agregado bruto|México<C1>,0,0,0,0,0,0,0,0,0,0,0,0,0,0,0,0,0,0,0,0,0
Estructura porcentual en valores constantes|B.1bV---Valor agregado bruto|Michoacán de Ocampo<C1>,1.049910950493,1.134479198844,0.719122885859,0.826287477269,1.828416361787,0.710076161312,0.40761243453,1.076157393155,0.561883075852,0.350107901619,0.628302216091,1.829143028713,2.162244160766,2.250415882091,1.624969751752,1.405651598348,0.794165642203,0.523888938285,0.536203397738,0.241569431775,0.318394873466
Estructura porcentual en valores constantes|B.1bV---Valor agregado bruto|Morelos<C1>,0,0,0,0,0,0,0,0,0,0,0,0,0,0,0,0,0,0,0,0,0
Estructura porcentual en valores constantes|B.1bV---Valor agregado bruto|Nayarit<C1>,4.271359189361,4.378821218616,3.472519119548,3.064198278555,4.111989737236,3.652521937096,3.617159050257,3.411723347084,5.382123670396,5.25823877736,4.611585226198,4.409756291443,4.894991731597,7.39982150539,8.714440734266,8.317254461887,9.059869025092,9.447331420171,9.740227326419,8.635836131039,5.622949960224
Estructura porcentual en valores constantes|B.1bV---Valor agregado bruto|Nuevo León<C1>,0,0,0,0,0,0,0,0,0,0,0,0,0,0,0,0,0,0,0,0,0
Estructura porcentual en valores constantes|B.1bV---Valor agregado bruto|Oaxaca<C1>,1.899514905747,1.891620981425,1.701871416973,1.516768159759,1.518984137722,1.142631023182,1.412741127693,1.971743533023,1.479998196569,1.315190532159,2.130360131216,2.046966560407,2.108484899207,1.845645382211,2.367850304473,1.886028710366,1.449963065491,1.49772778243,0.861407292673,0.941089453015,1.272642405188
Estructura porcentual en valores constantes|B.1bV---Valor agregado bruto|Puebla<C1>,0,0,0,0,0,0,0,0,0,0,0,0,0,0,0,0,0,0,0,0,0
Estructura porcentual en valores constantes|B.1bV---Valor agregado bruto|Querétaro<C1>,0,0,0,0,0,0,0,0,0,0,0,0,0,0,0,0,0,0,0,0,0
Estructura porcentual en valores constantes|B.1bV---Valor agregado bruto|Quintana Roo<C1>,0.955944065479,0.976185759221,0.855898648987,1.05352525331,0.93807377919,0.938115563186,1.146030164467,1.148418878031,1.246355850927,1.037196607765,0.977594851989,0.901929489104,0.820675087263,0.754946143521,0.741197528911,0.727225278319,0.815263751359,0.674068607257,0.768874923024,0.612055226977,1.11456567586
Estructura porcentual en valores constantes|B.1bV---Valor agregado bruto|San Luis Potosí<C1>,0,0,0,0,0,0,0,0,0,0,0,0,0,0,0,0,0,0,0,0,0
Estructura porcentual en valores constantes|B.1bV---Valor agregado bruto|Sinaloa<C1>,16.724524428634,19.175103358397,23.833507587689,22.33365411598,29.029343281598,26.420476614884,21.242928411561,18.787079019817,23.597999499562,22.690158972548,27.342663701606,22.432351996123,25.322538195633,23.623185669756,19.149742528144,20.142191791778,23.408006027445,23.245845433309,21.157577596714,25.33533129456,27.225414655408
Estructura porcentual en valores constantes|B.1bV---Valor agregado bruto|Sonora<C1>,15.927967231406,16.308916026685,11.276016597224,12.533115391384,9.661422818015,15.206741781013,18.315686371183,12.630573672082,13.882398067006,12.31257914711,12.241594466245,14.005831613012,13.679314637421,11.731856745474,13.410744218762,11.695702359262,13.300114706549,14.639037918517,14.255396753694,14.818387254971,15.89615183268
Estructura porcentual en valores constantes|B.1bV---Valor agregado bruto|Tabasco<C1>,4.567170656802,3.822122911927,3.861671196129,3.917913464786,3.71666361161,3.409601528619,2.683090218219,2.836435070761,3.069823142565,2.9965505221,3.159121152579,2.328957947548,2.639912325246,2.665948190564,2.820819743429,2.445446388627,1.647626456311,1.654743763646,1.41207929835,1.32046056065,1.956957744139
Estructura porcentual en valores constantes|B.1bV---Valor agregado bruto|Tamaulipas<C1>,7.082141098864,7.140382625467,10.030908330317,6.731774445937,7.052451188871,6.824610357385,6.61398471826,8.071091118187,5.581972122285,6.090221716103,4.100067662509,4.371997818293,5.579705029931,6.545469982939,5.8183056753,6.453282130875,7.318980210204,6.605096929729,6.101366251743,4.570303249631,4.836656579034
Estructura porcentual en valores constantes|B.1bV---Valor agregado bruto|Tlaxcala<C1>,0,0,0,0,0,0,0,0,0,0,0,0,0,0,0,0,0,0,0,0,0
Estructura porcentual en valores constantes|B.1bV---Valor agregado bruto|Veracruz de Ignacio de la Llave<C1>,9.238650648296,8.727448784679,8.275983798661,9.15418018895,8.030259242148,6.242385508436,6.014117951917,6.019293734003,5.392816216383,6.181997986706,5.688066398358,4.767779404321,5.935221032966,6.664961515753,7.513962427109,6.969857531202,3.701705550123,4.547147743942,4.742280855573,5.320226263423,6.064496014714
Estructura porcentual en valores constantes|B.1bV---Valor agregado bruto|Yucatán<C1>,5.239081752931,6.72349833496,4.483995164226,7.825521721002,6.100427995293,4.961992218443,9.173888267183,8.353636547545,8.481872320649,9.337718105088,8.09041304529,8.315663229855,7.791171428705,8.525403186894,7.917221089602,9.62391269756,9.659319371922,8.227782635959,11.644857083267,9.891587288344,7.986426903664
Estructura porcentual en valores constantes|B.1bV---Valor agregado bruto|Zacatecas<C1>,0,0,0,0,0,0,0,0,0,0,0,0,0,0,0,0,0,0,0,0,0
Contribución a la variación nacional en valores constantes|B.1bV---Valor agregado bruto|Estados Unidos Mexicanos<C1>,NA,-4.156837954847,5.20897261519,-9.26464470237,13.995678154068,-4.578008657816,1.69245579605,4.287326062429,0.896204581637,-3.915406024575,8.19217332985,9.448327803107,20.586281104051,3.597512202062,-6.618876442267,-1.454194146648,-18.755389129517,-6.439537702744,10.879559385291,-6.552771992531,4.412972397486
Contribución a la variación nacional en valores constantes|B.1bV---Valor agregado bruto|Aguascalientes<C1>,NA,0,0,0,0,0,0,0,0,0,0,0,0,0,0,0,0,0,0,0,0
Contribución a la variación nacional en valores constantes|B.1bV---Valor agregado bruto|Baja California<C1>,NA,-1.212779148229,0.112087313687,0.086815495422,-0.826366748104,0.870927445521,-0.485520168428,1.823736000147,-0.279357018462,-0.458471854018,1.729147726765,0.375419483972,-1.253511873208,-0.21303162226,0.258091744466,-0.185594424512,-0.339530780208,0.583671627286,0.210761177473,-0.431574728198,0.308381163508
Contribución a la variación nacional en valores constantes|B.1bV---Valor agregado bruto|Baja California Sur<C1>,NA,-1.070436288914,3.106344163143,-0.816151968978,-1.533129660134,2.000551857191,-2.681146376781,4.955429214174,-3.277865062053,-0.419896961996,-1.941293523734,4.066066072362,0.329806016742,-0.263097726792,0.527213624009,-0.231549184421,-2.776864836674,0.139739724189,-0.214282083779,-0.471286176462,0.077667150643
Contribución a la variación nacional en valores constantes|B.1bV---Valor agregado bruto|Campeche<C1>,NA,-1.242413965469,-0.079895885627,-0.524777012926,-0.574951367343,0.25522004332,0.759587208747,1.210855447216,0.495756664878,0.382152955713,-1.31059746579,0.486412728728,1.652022987416,0.149006972621,-0.836785720891,1.24917311193,-1.805925938885,-0.327277048039,1.818746757375,-0.52311863616,-1.391648837644
Contribución a la variación nacional en valores constantes|B.1bV---Valor agregado bruto|Coahuila de Zaragoza<C1>,NA,0,0,0,0,0,0,0,0,0,0,0,0,0,0,0,0,0,0,0,0
Contribución a la variación nacional en valores constantes|B.1bV---Valor agregado bruto|Colima<C1>,NA,-0.195737750289,0.393803929534,-1.127594467055,-0.192136650236,0.121261160575,0.044613869944,0.692898141608,-0.073168532803,0.055955387157,0.2298517843,0.150249030529,0.29861996013,-0.354006971132,-0.339883406393,0.00594189504,-0.230134054467,-0.054309045257,0.057855203619,-0.071379289553,0.494628947634
Contribución a la variación nacional en valores constantes|B.1bV---Valor agregado bruto|Chiapas<C1>,NA,-1.266812282943,-0.0575722578,-0.865493667288,0.630155576941,0.176113095121,2.152498981577,-0.530727442006,-0.740934468261,0.101885661132,1.329777770721,1.27916733709,-1.421820805996,-0.036772724804,-0.021274456881,-0.19678037545,-0.708667927983,-1.16980427338,1.630823520805,-0.535919215003,0.827418275951
Contribución a la variación nacional en valores constantes|B.1bV---Valor agregado bruto|Chihuahua<C1>,NA,0,0,0,0,0,0,0,0,0,0,0,0,0,0,0,0,0,0,0,0
Contribución a la variación nacional en valores constantes|B.1bV---Valor agregado bruto|Ciudad de México<C1>,NA,0,0,0,0,0,0,0,0,0,0,0,0,0,0,0,0,0,0,0,0
Contribución a la variación nacional en valores constantes|B.1bV---Valor agregado bruto|Durango<C1>,NA,0,0,0,0,0,0,0,0,0,0,0,0,0,0,0,0,0,0,0,0
Contribución a la variación nacional en valores constantes|B.1bV---Valor agregado bruto|Guanajuato<C1>,NA,0,0,0,0,0,0,0,0,0,0,0,0,0,0,0,0,0,0,0,0
Contribución a la variación nacional en valores constantes|B.1bV---Valor agregado bruto|Guerrero<C1>,NA,0.019002256772,0.314982604975,-0.061166443502,-0.025763021424,0.118382268472,0.266910748211,-0.385698249846,0.178880845786,0.095156848753,0.070100966656,0.339832463225,0.889215634163,0.479316186164,0.241934656943,-0.527381668546,-0.91425671043,-0.245396901449,-0.148535666027,-0.133355837311,-0.017016959972
Contribución a la variación nacional en valores constantes|B.1bV---Valor agregado bruto|Hidalgo<C1>,NA,0,0,0,0,0,0,0,0,0,0,0,0,0,0,0,0,0,0,0,0
Contribución a la variación nacional en valores constantes|B.1bV---Valor agregado bruto|Jalisco<C1>,NA,0.411391606341,-0.38243779767,-0.013105039988,3.411563078182,-2.459450039818,-0.677909284159,0.08490492483,-0.393686286755,0.080732127477,1.03525447785,0.130385288462,-0.034657824911,0.172218265977,0.118686553365,-0.14221551202,-0.123070014738,-0.697711649861,-0.381860783913,-0.155237907901,0.315388924802
Contribución a la variación nacional en valores constantes|B.1bV---Valor agregado bruto|México<C1>,NA,0,0,0,0,0,0,0,0,0,0,0,0,0,0,0,0,0,0,0,0
Contribución a la variación nacional en valores constantes|B.1bV---Valor agregado bruto|Michoacán de Ocampo<C1>,NA,0.037409786423,-0.37789739879,0.030611992421,1.25802815383,-1.150847548616,-0.295565066509,0.714683335015,-0.509238695434,-0.225483320105,0.329665921049,1.373664241962,0.778226793144,0.16913070728,-0.733000870432,-0.239759056669,-0.760434812673,-0.30401272962,0.070651026536,-0.310463460031,0.090876119573
Contribución a la variación nacional en valores constantes|B.1bV---Valor agregado bruto|Morelos<C1>,NA,0,0,0,0,0,0,0,0,0,0,0,0,0,0,0,0,0,0,0,0
Contribución a la variación nacional en valores constantes|B.1bV---Valor agregado bruto|Nayarit<C1>,NA,-0.074558473135,-0.725419529073,-0.692207924478,1.623292308034,-0.626680570649,0.02585593116,-0.059163998936,2.018635162235,-0.329766290911,-0.268864496178,0.214819294979,1.492932198041,2.77103925538,0.737821164041,-0.518135299926,-0.956599127076,-0.220902073626,1.352589722488,-1.670277846696,-2.764746941145
Contribución a la variación nacional en valores constantes|B.1bV---Valor agregado bruto|Nuevo León<C1>,NA,0,0,0,0,0,0,0,0,0,0,0,0,0,0,0,0,0,0,0,0
Contribución a la variación nacional en valores constantes|B.1bV---Valor agregado bruto|Oaxaca<C1>,NA,-0.08652554324,-0.101099548397,-0.325626438174,0.214808109089,-0.428662861708,0.29402012361,0.643537479705,-0.478481524808,-0.216302713741,0.989692393556,0.110010539838,0.495576967188,-0.196442199164,0.365479836271,-0.509248113217,-0.708011860042,-0.048682028295,-0.542603171802,0.018014714241,0.387714310232
Contribución a la variación nacional en valores constantes|B.1bV---Valor agregado bruto|Puebla<C1>,NA,0,0,0,0,0,0,0,0,0,0,0,0,0,0,0,0,0,0,0,0
Contribución a la variación nacional en valores constantes|B.1bV---Valor agregado bruto|Querétaro<C1>,NA,0,0,0,0,0,0,0,0,0,0,0,0,0,0,0,0,0,0,0,0
Contribución a la variación nacional en valores constantes|B.1bV---Valor agregado bruto|Quintana Roo<C1>,NA,-0.020336766408,-0.075703583994,0.100021232754,0.015838312863,-0.042905227706,0.227310655223,0.051625175428,0.109106871135,-0.249769701629,0.020484508962,0.009551891799,0.087692078574,-0.03856966411,-0.062807563242,-0.024547518022,-0.064867415959,-0.184602046209,0.178456519616,-0.196926279539,0.551695924511
Contribución a la variación nacional en valores constantes|B.1bV---Valor agregado bruto|San Luis Potosí<C1>,NA,0,0,0,0,0,0,0,0,0,0,0,0,0,0,0,0,0,0,0,0
Contribución a la variación nacional en valores constantes|B.1bV---Valor agregado bruto|Sinaloa<C1>,NA,1.65350095548,5.899885112774,-3.568987174611,10.75854262155,-3.818398373579,-4.818021030171,-1.650386056559,5.022406832435,-1.79625237841,6.892463132491,-2.790829554942,8.103155095143,-0.849505538892,-5.740940938562,0.699542689591,-1.124448382241,-1.659085575136,0.213583382528,2.517587204561,3.091533394693
Contribución a la variación nacional en valores constantes|B.1bV---Valor agregado bruto|Sonora<C1>,NA,-0.296986416142,-4.445534812827,0.09595018301,-1.519510930655,4.849153007691,3.418929485745,-5.143598822224,1.376239082441,-2.051906385602,0.931867956146,3.087554029116,2.489545188776,-1.525402914,0.79124688346,-1.885120078618,-0.890075920599,0.396236845887,1.167283190604,-0.408024628511,1.779257370347
Contribución a la variación nacional en valores constantes|B.1bV---Valor agregado bruto|Tabasco<C1>,NA,-0.903927200759,0.240701679297,-0.306738493602,0.318922423975,-0.463153936169,-0.681101194489,0.274952072575,0.260899967456,-0.190599740137,0.421371310999,-0.61011562375,0.854414149874,0.121943676774,-0.031835020612,-0.410934893045,-1.106838685598,-0.099440541209,-0.089036459464,-0.178145507491,0.722857188568
Contribución a la variación nacional en valores constantes|B.1bV---Valor agregado bruto|Tamaulipas<C1>,NA,-0.238572608493,3.413032972831,-3.922808868962,1.307715113302,-0.54027208451,-0.09868687141,1.803140392959,-2.439093105996,0.269792685835,-1.65426940404,0.685010841201,2.356360973877,1.201239034327,-1.112270771321,0.541133204561,-0.507005139407,-1.139220987568,0.160071086687,-1.830544553428,0.479793649196
Contribución a la variación nacional en valores constantes|B.1bV---Valor agregado bruto|Tlaxcala<C1>,NA,0,0,0,0,0,0,0,0,0,0,0,0,0,0,0,0,0,0,0,0
Contribución a la variación nacional en valores constantes|B.1bV---Valor agregado bruto|Veracruz de Ignacio de la Llave<C1>,NA,-0.873987767188,-0.020371256309,0.030094120368,-0.000031708334,-2.073650682742,-0.12648126866,0.263242531118,-0.578146851609,0.547131448712,-0.027955329878,-0.469811566987,2.389282914638,0.969513286579,0.351661022387,-0.645460156156,-3.962421261433,0.552626900448,0.711072373531,0.229323111322,1.011894286466
Contribución a la variación nacional en valores constantes|B.1bV---Valor agregado bruto|Yucatán<C1>,NA,1.204931651348,-2.005933090563,2.616519773218,-0.871297457467,-1.36559621021,4.367160052441,-0.462104082775,0.20425070145,0.490236207195,-0.584524400027,1.010941305525,1.079420650461,1.040934178113,-1.132213178874,1.566741232831,-1.776236261104,-1.961367900906,4.683983589015,-2.40144295637,-1.552721569876
Contribución a la variación nacional en valores constantes|B.1bV---Valor agregado bruto|Zacatecas<C1>,NA,0,0,0,0,0,0,0,0,0,0,0,0,0,0,0,0,0,0,0,0
Índice de volumen físico base 2018=100|B.1bV---Valor agregado bruto|Estados Unidos Mexicanos<C1>,71.791723630026,68.807458013735,72.391619658878,65.684793303192,74.877825570071,71.449912232689,72.659170413544,75.774305963429,76.453398765176,73.459937783932,79.477903215191,86.987236041998,104.894672978249,108.668271637954,101.475653006291,100,81.244610870483,76.012833522031,84.282694885503,78.759842060495,82.235492150928
Índice de volumen físico base 2018=100|B.1bV---Valor agregado bruto|Aguascalientes<C1>,NA,NA,NA,NA,NA,NA,NA,NA,NA,NA,NA,NA,NA,NA,NA,NA,NA,NA,NA,NA,NA
Índice de volumen físico base 2018=100|B.1bV---Valor agregado bruto|Baja California<C1>,97.036058022599,78.80138099195,80.416609416132,81.732826475265,70.364942171507,84.022629773332,76.75737332365,104.509379273343,100.076115949236,92.73517974487,119.337813051377,125.586736196078,102.750424744445,98.070493401467,103.944289231883,100,92.889156421547,102.820433969959,106.17564246005,98.557722715486,103.644405477731
Índice de volumen físico base 2018=100|B.1bV---Valor agregado bruto|Baja California Sur<C1>,77.563078483581,70.077849625967,90.896614682389,85.141828325092,75.33307975149,89.923671865095,71.264511220997,106.334981615316,82.142360846963,79.01549385064,65.125193356156,96.602003296564,99.396373779637,96.708304805376,102.288626854317,100,72.952656269811,74.05847597312,72.471966527197,68.603017623938,69.19883352352
Índice de volumen físico base 2018=100|B.1bV---Valor agregado bruto|Campeche<C1>,71.835501035029,58.968846987,58.175825694551,52.695731595567,47.247935200291,50.004656878209,57.83362025712,70.524965373857,75.943919168612,80.158544169739,66.270381353259,71.847068119613,92.576936134671,94.831616297271,81.714392157216,100,73.948972632578,70.113357428923,90.056062804763,83.695968946133,67.884966094922
Índice de volumen físico base 2018=100|B.1bV---Valor agregado bruto|Coahuila de Zaragoza<C1>,NA,NA,NA,NA,NA,NA,NA,NA,NA,NA,NA,NA,NA,NA,NA,NA,NA,NA,NA,NA,NA
Índice de volumen físico base 2018=100|B.1bV---Valor agregado bruto|Colima<C1>,127.067966280295,117.193537056551,136.234047535417,78.874692658939,70.006439526988,76.386693595598,78.626624517036,114.003775904461,110.10786207704,113.113950357101,124.978778831519,133.369921554853,151.623053506615,125.529797447606,99.576308394802,100,83.828737852711,80.728251961129,83.818493150685,79.591090036296,106.965665612926
Índice de volumen físico base 2018=100|B.1bV---Valor agregado bruto|Chiapas<C1>,95.828291912807,67.574877226583,66.344231428701,46.88003468066,59.738730403163,63.835383331284,111.61349181187,99.633782585909,82.192192969402,84.612074822229,114.958946122042,146.542286464837,108.119868265255,106.921573829042,106.203373599995,100,77.984574870756,48.459428157331,86.969842060652,72.937762450422,93.182597555531
Índice de volumen físico base 2018=100|B.1bV---Valor agregado bruto|Chihuahua<C1>,NA,NA,NA,NA,NA,NA,NA,NA,NA,NA,NA,NA,NA,NA,NA,NA,NA,NA,NA,NA,NA
Índice de volumen físico base 2018=100|B.1bV---Valor agregado bruto|Ciudad de México<C1>,NA,NA,NA,NA,NA,NA,NA,NA,NA,NA,NA,NA,NA,NA,NA,NA,NA,NA,NA,NA,NA
Índice de volumen físico base 2018=100|B.1bV---Valor agregado bruto|Durango<C1>,NA,NA,NA,NA,NA,NA,NA,NA,NA,NA,NA,NA,NA,NA,NA,NA,NA,NA,NA,NA,NA
Índice de volumen físico base 2018=100|B.1bV---Valor agregado bruto|Guanajuato<C1>,NA,NA,NA,NA,NA,NA,NA,NA,NA,NA,NA,NA,NA,NA,NA,NA,NA,NA,NA,NA,NA
Índice de volumen físico base 2018=100|B.1bV---Valor agregado bruto|Guerrero<C1>,19.790859038403,20.433690243687,30.646364323359,28.559861815826,27.762456694768,31.939387396583,40.925775077778,27.720255562207,34.107347904174,37.535453858459,39.962018980695,52.689095423631,89.137624763232,112.829144298431,125.217630259193,100,56.919022896568,47.524363793391,42.20407682569,36.907834689331,36.276289833453
Índice de volumen físico base 2018=100|B.1bV---Valor agregado bruto|Hidalgo<C1>,NA,NA,NA,NA,NA,NA,NA,NA,NA,NA,NA,NA,NA,NA,NA,NA,NA,NA,NA,NA,NA
Índice de volumen físico base 2018=100|B.1bV---Valor agregado bruto|Jalisco<C1>,52.236575001795,70.748614583265,54.25481224258,53.660176367304,194.116955934283,78.68775415625,48.328035351788,52.194800362917,33.496733092694,37.36545629002,85.032930164553,91.528233781323,89.638584100834,100.961469422923,109.045514774515,100,92.286051839716,56.75606874539,38.562560785363,30.36167699066,45.931215446173
Índice de volumen físico base 2018=100|B.1bV---Valor agregado bruto|México<C1>,NA,NA,NA,NA,NA,NA,NA,NA,NA,NA,NA,NA,NA,NA,NA,NA,NA,NA,NA,NA,NA
Índice de volumen físico base 2018=100|B.1bV---Valor agregado bruto|Michoacán de Ocampo<C1>,53.622758927249,55.533412357386,37.035116313528,38.611646169803,97.398133056749,36.093495332642,21.069788116758,58.01229811824,30.560823825752,18.296784708846,35.525263001926,113.194547340347,161.354274707364,173.975403763521,117.308490146688,100,45.901615054082,28.330122981182,32.150688990962,13.535338568677,18.627204030227
Índice de volumen físico base 2018=100|B.1bV---Valor agregado bruto|Morelos<C1>,NA,NA,NA,NA,NA,NA,NA,NA,NA,NA,NA,NA,NA,NA,NA,NA,NA,NA,NA,NA,NA
Índice de volumen físico base 2018=100|B.1bV---Valor agregado bruto|Nayarit<C1>,36.86892590005,36.225362411385,30.224070276131,24.199239242849,37.019048978437,31.377225865743,31.599342914166,31.082488812763,49.473254553149,46.441995397394,44.067321248363,46.120088446157,61.734140667453,96.681641412434,106.321571396733,100,88.498618967844,86.34080317725,98.7023556427,81.77663589081,55.59599738568
Índice de volumen físico base 2018=100|B.1bV---Valor agregado bruto|Nuevo León<C1>,NA,NA,NA,NA,NA,NA,NA,NA,NA,NA,NA,NA,NA,NA,NA,NA,NA,NA,NA,NA,NA
Índice de volumen físico base 2018=100|B.1bV---Valor agregado bruto|Oaxaca<C1>,72.305075948738,69.011479274912,65.323092723167,52.824542126565,60.305672274708,43.287191691192,54.425787785256,79.218039964883,59.994257601776,51.22605723625,89.774113931389,94.40999619014,117.266949737451,106.341484962095,127.399521834917,100,62.460175916161,60.36309625695,38.494497788625,39.299537847374,55.490340071449
Índice de volumen físico base 2018=100|B.1bV---Valor agregado bruto|Puebla<C1>,NA,NA,NA,NA,NA,NA,NA,NA,NA,NA,NA,NA,NA,NA,NA,NA,NA,NA,NA,NA,NA
Índice de volumen físico base 2018=100|B.1bV---Valor agregado bruto|Querétaro<C1>,NA,NA,NA,NA,NA,NA,NA,NA,NA,NA,NA,NA,NA,NA,NA,NA,NA,NA,NA,NA,NA
Índice de volumen físico base 2018=100|B.1bV---Valor agregado bruto|Quintana Roo<C1>,94.370856185471,92.363209370928,85.200406684519,95.157017455931,96.587573210373,92.169891025733,114.503171852849,119.661191700199,131.029742385405,104.77138315696,106.840605444417,107.88452450847,118.373834719975,112.810562341586,103.425314679306,100,91.08014835393,70.456660890983,89.109733220684,66.28671258574,126.036401128406
Índice de volumen físico base 2018=100|B.1bV---Valor agregado bruto|San Luis Potosí<C1>,NA,NA,NA,NA,NA,NA,NA,NA,NA,NA,NA,NA,NA,NA,NA,NA,NA,NA,NA,NA,NA
Índice de volumen físico base 2018=100|B.1bV---Valor agregado bruto|Sinaloa<C1>,59.610316892834,65.503800821741,85.658315354203,72.831272260645,107.915470427627,93.720720902374,76.62987084496,70.676413397464,89.570553415983,82.752546677234,107.889826578299,96.877654539091,131.872409441279,127.448431821742,96.475728561923,100,94.417447744194,87.725437095793,88.531460505112,99.066015850587,111.15450574324
Índice de volumen físico base 2018=100|B.1bV---Valor agregado bruto|Sonora<C1>,97.770632864957,95.947641303216,69.793936242486,70.387828677614,61.854030677616,92.899112188685,113.785605721312,81.831165373667,90.747565441693,77.334500342356,83.187501725137,104.16891120017,122.684999274329,109.004192862784,116.355904510644,100,92.389718092528,95.14219138295,102.728610745802,99.788264436172,111.7699330157
Índice de volumen físico base 2018=100|B.1bV---Valor agregado bruto|Tabasco<C1>,134.079837157409,107.542967618853,114.315584172245,105.23532117124,113.801590951675,99.620147512222,79.720050419882,87.889433968692,95.973648798269,90.014819357147,102.672594409525,82.843613197745,113.236070655969,118.466707547652,117.052055121195,100,54.738787538113,51.435092919073,48.667535387603,42.52772241811,65.808591820396
Índice de volumen físico base 2018=100|B.1bV---Valor agregado bruto|Tamaulipas<C1>,78.787678295656,76.133596476931,112.524710055238,68.519429970292,81.830020639452,75.561210740261,74.468562354866,94.770585795732,66.130804744976,69.327095775771,50.495976194434,58.932493339379,90.695141256796,110.220643647519,91.490865549866,100,92.143453065822,77.801051175836,79.686519162093,55.778804460962,61.634502579528
Índice de volumen físico base 2018=100|B.1bV---Valor agregado bruto|Tlaxcala<C1>,NA,NA,NA,NA,NA,NA,NA,NA,NA,NA,NA,NA,NA,NA,NA,NA,NA,NA,NA,NA,NA
Índice de volumen físico base 2018=100|B.1bV---Valor agregado bruto|Veracruz de Ignacio de la Llave<C1>,95.161005958535,86.158657207915,85.957549171363,86.270118274236,86.269819451002,63.992397936924,62.695803924147,65.440047094542,59.154599188396,65.156165022143,64.861525313316,59.504222372298,89.323643491929,103.914584366764,109.397393066106,100,43.149178534929,49.590910992512,57.345822152364,60.11890176485,71.553372817843
Índice de volumen físico base 2018=100|B.1bV---Valor agregado bruto|Yucatán<C1>,39.082099048641,48.070555493036,33.728867112769,53.410477930038,47.463728910396,36.8388533488,69.261550048044,65.772730027095,67.380907036938,71.275396255162,66.813684328985,75.162419169141,84.91893108493,96.264467317065,83.480098511933,100,81.543512322648,64.98573827682,101.981384014751,80.95042806811,68.243319280811
Índice de volumen físico base 2018=100|B.1bV---Valor agregado bruto|Zacatecas<C1>,NA,NA,NA,NA,NA,NA,NA,NA,NA,NA,NA,NA,NA,NA,NA,NA,NA,NA,NA,NA,NA
Millones de pesos|B.1bV---Valor agregado bruto|Estados Unidos Mexicanos<C1>,4323.677000000001,4101.912,4536.038,4138.594,4849.311000000001,4382.673999999999,4458.527,4597.384,4593.3279999999995,4523.224999999999,5152.867,5585.739999999999,6827.976999999999,7866.708000000001,8409.952,9602.664,9423.389,9372.458999999999,10489.2,11379.149,12323.271999999999
Millones de pesos|B.1bV---Valor agregado bruto|Aguascalientes<C1>,0,0,0,0,0,0,0,0,0,0,0,0,0,0,0,0,0,0,0,0,0
Millones de pesos|B.1bV---Valor agregado bruto|Baja California<C1>,223.987,193.914,229.826,264.839,187.774,245.339,254.893,282.443,281.425,327.261,385.926,339.535,358.993,362.194,353.636,458.511,461.928,620.679,545.397,1128.211,1252.917
Millones de pesos|B.1bV---Valor agregado bruto|Baja California Sur<C1>,356.404,306.636,415.122,364.514,345.946,391.48,456.312,477.258,402.013,411.667,356.236,534.499,593.827,680.596,794.166,985.875,828.214,960.895,838.099,1280.395,1206.456
Millones de pesos|B.1bV---Valor agregado bruto|Campeche<C1>,354.238,282.332,278.901,259.236,275.499,260.694,317.865,369.044,423.231,384.034,340.412,414.08,462.325,511.02,585.782,665.682,595.448,575.966,823.229,1083.743,771.671
Millones de pesos|B.1bV---Valor agregado bruto|Coahuila de Zaragoza<C1>,0,0,0,0,0,0,0,0,0,0,0,0,0,0,0,0,0,0,0,0,0
Millones de pesos|B.1bV---Valor agregado bruto|Colima<C1>,139.976,131.945,160.453,90.123,85.222,92.804,89.638,127.702,119.71,130.13,153.648,150.591,250.742,370.843,163.826,136.656,129.273,151.509,117.407,130.324,168.953
Millones de pesos|B.1bV---Valor agregado bruto|Chiapas<C1>,197.32,170.327,156.368,116.682,142.406,134.845,162.016,147.615,125.44,118.225,157.477,196.755,139.286,233.1,254.305,309.106,149.281,122.039,187.725,221.221,222.33
Millones de pesos|B.1bV---Valor agregado bruto|Chihuahua<C1>,0,0,0,0,0,0,0,0,0,0,0,0,0,0,0,0,0,0,0,0,0
Millones de pesos|B.1bV---Valor agregado bruto|Ciudad de México<C1>,0,0,0,0,0,0,0,0,0,0,0,0,0,0,0,0,0,0,0,0,0
Millones de pesos|B.1bV---Valor agregado bruto|Durango<C1>,0,0,0,0,0,0,0,0,0,0,0,0,0,0,0,0,0,0,0,0,0
Millones de pesos|B.1bV---Valor agregado bruto|Guanajuato<C1>,0,0,0,0,0,0,0,0,0,0,0,0,0,0,0,0,0,0,0,0,0
Millones de pesos|B.1bV---Valor agregado bruto|Guerrero<C1>,30.148,30.278,46.221,41.242,43.347,49.897,64.213,48.131,55.387,62.161,69.517,82.24,129.129,156.608,195.813,203.786,174.341,160.98,127.29,134.641,131.465
Millones de pesos|B.1bV---Valor agregado bruto|Hidalgo<C1>,0,0,0,0,0,0,0,0,0,0,0,0,0,0,0,0,0,0,0,0,0
Millones de pesos|B.1bV---Valor agregado bruto|Jalisco<C1>,45.91,64.654,53.171,52.59,181.107,91.28,47.361,59.913,31.896,39.013,93.53,91.818,99.147,114.98,135.856,153.203,181.19,145.701,80.51,83.535,129.707
Millones de pesos|B.1bV---Valor agregado bruto|México<C1>,0,0,0,0,0,0,0,0,0,0,0,0,0,0,0,0,0,0,0,0,0
Millones de pesos|B.1bV---Valor agregado bruto|Michoacán de Ocampo<C1>,37.908,40.93,29.773,27.736,70.124,29.723,17.576,47.36,27.273,16.036,32.588,76.223,96.255,130.114,108.46,134.98,69.384,48.784,44.256,29.976,36.716
Millones de pesos|B.1bV---Valor agregado bruto|Morelos<C1>,0,0,0,0,0,0,0,0,0,0,0,0,0,0,0,0,0,0,0,0,0
Millones de pesos|B.1bV---Valor agregado bruto|Nayarit<C1>,132.832,129.19,107.464,96.773,157.054,130.511,130.398,123.929,207.914,247.35,209.763,250.303,313.059,522.1,733.638,798.678,1195.478,794.232,1670.721,1257.387,479.172
Millones de pesos|B.1bV---Valor agregado bruto|Nuevo León<C1>,0,0,0,0,0,0,0,0,0,0,0,0,0,0,0,0,0,0,0,0,0
Millones de pesos|B.1bV---Valor agregado bruto|Oaxaca<C1>,98.923,91.795,95.446,79.347,98.188,65.738,78.715,115.835,77.846,67.429,139.359,136.931,158.723,139.387,192.588,181.109,142.403,144.914,94.371,98.059,143.611
Millones de pesos|B.1bV---Valor agregado bruto|Puebla<C1>,0,0,0,0,0,0,0,0,0,0,0,0,0,0,0,0,0,0,0,0,0
Millones de pesos|B.1bV---Valor agregado bruto|Querétaro<C1>,0,0,0,0,0,0,0,0,0,0,0,0,0,0,0,0,0,0,0,0,0
Millones de pesos|B.1bV---Valor agregado bruto|Quintana Roo<C1>,67.181,66.404,64.339,65.709,65.764,64.157,66.003,79.013,83.005,67.991,78.453,64.207,57.195,69.321,69.6,69.833,116.265,89.854,130.395,113.121,193.681
Millones de pesos|B.1bV---Valor agregado bruto|San Luis Potosí<C1>,0,0,0,0,0,0,0,0,0,0,0,0,0,0,0,0,0,0,0,0,0
Millones de pesos|B.1bV---Valor agregado bruto|Sinaloa<C1>,747.064,722.763,942.734,855.193,1289.917,1034.288,891.632,838.81,978.876,827.583,1251.766,1178.291,1841.272,1913.232,1592.24,1934.187,1933.56,2060.673,1842.102,2167.182,2450.681
Millones de pesos|B.1bV---Valor agregado bruto|Sonora<C1>,639.892,643.036,601.405,526.799,495.784,645.597,711.802,640.954,626.816,613.879,701.802,795.132,863.316,848.57,1099.375,1123.099,1321.81,1492.114,1550.053,1665.542,2775.689
Millones de pesos|B.1bV---Valor agregado bruto|Tabasco<C1>,255.856,221.462,248.628,225.043,255.096,207.089,146.438,159.063,175.84,180.995,211.873,170.588,204.25,210.796,238.528,234.828,224.995,239.21,140.895,138.27,268.752
Millones de pesos|B.1bV---Valor agregado bruto|Tamaulipas<C1>,342.599,320.153,488.123,302.181,366.103,348.589,309.193,388.082,247.986,291.056,221.922,291.146,379.931,514.227,509.998,619.687,609.01,600.359,553.519,403.132,534.774
Millones de pesos|B.1bV---Valor agregado bruto|Tlaxcala<C1>,0,0,0,0,0,0,0,0,0,0,0,0,0,0,0,0,0,0,0,0,0
Millones de pesos|B.1bV---Valor agregado bruto|Veracruz de Ignacio de la Llave<C1>,402.26,377.29,394.003,416.786,447.184,356.02,351.235,353.232,337.913,357.832,374.136,322.282,433.645,533.471,642.874,669.292,379.853,402.15,392.797,512.062,766.278
Millones de pesos|B.1bV---Valor agregado bruto|Yucatán<C1>,251.179,308.803,224.061,353.801,342.796,234.623,363.237,339,390.757,380.583,374.459,491.119,446.882,556.149,739.267,924.152,910.956,762.4,1350.434,932.348,790.419
Millones de pesos|B.1bV---Valor agregado bruto|Zacatecas<C1>,0,0,0,0,0,0,0,0,0,0,0,0,0,0,0,0,0,0,0,0,0
Variación porcentual anual en valores corrientes|B.1bV---Valor agregado bruto|Estados Unidos Mexicanos<C1>,NA,-5.129083416731,10.583503497881,-8.761919543002,17.172909447025,-9.622748468803,1.730747027956,3.114414244884,-0.088224085697,-1.52619190269,13.920200741727,8.400624351453,22.23943470337,15.212866124183,6.905607784095,14.182149910011,-1.866929843635,-0.540463733377,11.915133477778,8.484431605842,8.296956125629
Variación porcentual anual en valores corrientes|B.1bV---Valor agregado bruto|Aguascalientes<C1>,NA,NA,NA,NA,NA,NA,NA,NA,NA,NA,NA,NA,NA,NA,NA,NA,NA,NA,NA,NA,NA
Variación porcentual anual en valores corrientes|B.1bV---Valor agregado bruto|Baja California<C1>,NA,-13.426225629166,18.519549903566,15.234568760715,-29.098810975725,30.656533918434,3.894203530625,10.808456881907,-0.360426705565,16.287110242516,17.926059017115,-12.02069826858,5.730778859322,0.891660840184,-2.362822133994,29.656200160617,0.745238391227,34.367044214683,-12.128974880735,106.860507116834,11.053428835564
Variación porcentual anual en valores corrientes|B.1bV---Valor agregado bruto|Baja California Sur<C1>,NA,-13.963928575437,35.379407505968,-12.191114901162,-5.093905858211,13.162169818411,16.560743843875,4.590280334508,-15.76610554459,2.401414879618,-13.465009340073,50.040703353956,11.099740130477,14.611831391971,16.68684505933,24.139663496045,-15.991986813744,16.020134892673,-12.779335931605,52.773717663426,-5.77470233795
Variación porcentual anual en valores corrientes|B.1bV---Valor agregado bruto|Campeche<C1>,NA,-20.298782174696,-1.215235963334,-7.050889025138,6.273434245244,-5.373885204665,21.930309098023,16.100860428169,14.683073021103,-9.261372631022,-11.358890098273,21.6408352232,11.651130216383,10.53263396961,14.629955774725,13.639886510681,-10.550683359322,-3.271822224611,42.930138237327,31.645386642113,-28.795756927611
Variación porcentual anual en valores corrientes|B.1bV---Valor agregado bruto|Coahuila de Zaragoza<C1>,NA,NA,NA,NA,NA,NA,NA,NA,NA,NA,NA,NA,NA,NA,NA,NA,NA,NA,NA,NA,NA
Variación porcentual anual en valores corrientes|B.1bV---Valor agregado bruto|Colima<C1>,NA,-5.737412127793,21.60597218538,-43.832150224676,-5.438123453502,8.89676374645,-3.411490884014,42.464133514804,-6.258320151603,8.704368891488,18.072696534235,-1.989612621056,66.505302441713,47.898238029528,-55.823353818193,-16.584669100143,-5.402616789603,17.200807593233,-22.508233834294,11.001899375676,29.640741536478
Variación porcentual anual en valores corrientes|B.1bV---Valor agregado bruto|Chiapas<C1>,NA,-13.679809446584,-8.195412353884,-25.37987311982,22.046245350611,-5.309467297726,20.149801624087,-8.888628283626,-15.022186092199,-5.751753826531,33.201099598224,24.942055030258,-29.208406393738,67.35350286461,9.096954096954,21.549320697588,-51.70556378718,-18.248805943154,53.823777644851,17.843121587428,0.501308646105
Variación porcentual anual en valores corrientes|B.1bV---Valor agregado bruto|Chihuahua<C1>,NA,NA,NA,NA,NA,NA,NA,NA,NA,NA,NA,NA,NA,NA,NA,NA,NA,NA,NA,NA,NA
Variación porcentual anual en valores corrientes|B.1bV---Valor agregado bruto|Ciudad de México<C1>,NA,NA,NA,NA,NA,NA,NA,NA,NA,NA,NA,NA,NA,NA,NA,NA,NA,NA,NA,NA,NA
Variación porcentual anual en valores corrientes|B.1bV---Valor agregado bruto|Durango<C1>,NA,NA,NA,NA,NA,NA,NA,NA,NA,NA,NA,NA,NA,NA,NA,NA,NA,NA,NA,NA,NA
Variación porcentual anual en valores corrientes|B.1bV---Valor agregado bruto|Guanajuato<C1>,NA,NA,NA,NA,NA,NA,NA,NA,NA,NA,NA,NA,NA,NA,NA,NA,NA,NA,NA,NA,NA
Variación porcentual anual en valores corrientes|B.1bV---Valor agregado bruto|Guerrero<C1>,NA,0.431206050153,52.655393354911,-10.772159840765,5.104020173609,15.110618958636,28.691103673568,-25.044772865308,15.075523051672,12.230306750682,11.833786457747,18.301998072414,57.01483463035,21.280270117479,25.033842460155,4.071741917033,-14.448980793578,-7.663716509599,-20.928065598211,5.775001964019,-2.358865427322
Variación porcentual anual en valores corrientes|B.1bV---Valor agregado bruto|Hidalgo<C1>,NA,NA,NA,NA,NA,NA,NA,NA,NA,NA,NA,NA,NA,NA,NA,NA,NA,NA,NA,NA,NA
Variación porcentual anual en valores corrientes|B.1bV---Valor agregado bruto|Jalisco<C1>,NA,40.827706382052,-17.760695393943,-1.09270090839,244.37535653166,-49.59885592495,-48.114592462752,26.502818774941,-46.7628060688,22.31314271382,139.740599287417,-1.830428739442,7.98209501405,15.969217424632,18.156201078448,12.768666823696,18.267919035528,-19.586621778244,-44.743001077549,3.757297230158,55.27264021069
Variación porcentual anual en valores corrientes|B.1bV---Valor agregado bruto|México<C1>,NA,NA,NA,NA,NA,NA,NA,NA,NA,NA,NA,NA,NA,NA,NA,NA,NA,NA,NA,NA,NA
Variación porcentual anual en valores corrientes|B.1bV---Valor agregado bruto|Michoacán de Ocampo<C1>,NA,7.971932046006,-27.258734424627,-6.841769388372,152.82665128353,-57.613655809709,-40.867341789187,169.458352298589,-42.413429054054,-41.20192131412,103.21776003991,133.898981220081,26.280781391444,35.176354475092,-16.642329034539,24.451410658307,-48.596829159876,-29.68984203851,-9.281731715317,-32.266811279827,22.484654390179
Variación porcentual anual en valores corrientes|B.1bV---Valor agregado bruto|Morelos<C1>,NA,NA,NA,NA,NA,NA,NA,NA,NA,NA,NA,NA,NA,NA,NA,NA,NA,NA,NA,NA,NA
Variación porcentual anual en valores corrientes|B.1bV---Valor agregado bruto|Nayarit<C1>,NA,-2.741809202602,-16.817091106123,-9.948447852304,62.291134923997,-16.900556496492,-0.086582740152,-4.960965658983,67.768641722277,18.967457698856,-15.19587628866,19.326573323227,25.072012720583,66.773675249713,40.516759241525,8.86540773515,49.682099669704,-33.563645671439,110.356797510047,-24.739857821863,-61.891446308893
Variación porcentual anual en valores corrientes|B.1bV---Valor agregado bruto|Nuevo León<C1>,NA,NA,NA,NA,NA,NA,NA,NA,NA,NA,NA,NA,NA,NA,NA,NA,NA,NA,NA,NA,NA
Variación porcentual anual en valores corrientes|B.1bV---Valor agregado bruto|Oaxaca<C1>,NA,-7.205604358946,3.97734081377,-16.867129057268,23.745069126747,-33.048845072718,19.740484955429,47.157466810646,-32.795787110977,-13.381548184878,106.675169437482,-1.742262788912,15.914584717851,-12.182229418547,38.167834876997,-5.960392132428,-21.371660160456,1.763305548338,-34.877927598438,3.907980205784,46.453665650272
Variación porcentual anual en valores corrientes|B.1bV---Valor agregado bruto|Puebla<C1>,NA,NA,NA,NA,NA,NA,NA,NA,NA,NA,NA,NA,NA,NA,NA,NA,NA,NA,NA,NA,NA
Variación porcentual anual en valores corrientes|B.1bV---Valor agregado bruto|Querétaro<C1>,NA,NA,NA,NA,NA,NA,NA,NA,NA,NA,NA,NA,NA,NA,NA,NA,NA,NA,NA,NA,NA
Variación porcentual anual en valores corrientes|B.1bV---Valor agregado bruto|Quintana Roo<C1>,NA,-1.15657700838,-3.109752424553,2.129346119772,0.083702384757,-2.44358615656,2.877316582758,19.711225247337,5.052333160366,-18.088066983917,15.387330676119,-18.158642754261,-10.920927624714,21.201153947023,0.402475440343,0.334770114943,66.490054845131,-22.716208661248,45.118748191511,-13.247440469343,71.215777795458
Variación porcentual anual en valores corrientes|B.1bV---Valor agregado bruto|San Luis Potosí<C1>,NA,NA,NA,NA,NA,NA,NA,NA,NA,NA,NA,NA,NA,NA,NA,NA,NA,NA,NA,NA,NA
Variación porcentual anual en valores corrientes|B.1bV---Valor agregado bruto|Sinaloa<C1>,NA,-3.252867224227,30.434734484195,-9.285864305308,50.833437598297,-19.817476628341,-13.792676701267,-5.924192940585,16.698179563906,-15.45578806713,51.255644448956,-5.869707277558,56.266321307725,3.908167831803,-16.777473928933,21.475845349947,-0.032416720824,6.574039595358,-10.606777494537,17.64723126081,13.081457856331
Variación porcentual anual en valores corrientes|B.1bV---Valor agregado bruto|Sonora<C1>,NA,0.491332912429,-6.474132085917,-12.405284292615,-5.887444736987,30.217393058267,10.254849387466,-9.953329718096,-2.20577451736,-2.063923065142,14.322529358392,13.298622688451,8.575179970118,-1.708065181231,29.556194539048,2.157953382604,17.693097402811,12.884151277415,3.883014300516,7.450648461698,66.653797982879
Variación porcentual anual en valores corrientes|B.1bV---Valor agregado bruto|Tabasco<C1>,NA,-13.442717778751,12.266664258428,-9.486059494506,13.354336726759,-18.819189638411,-29.287407829484,8.621396085715,10.547393171259,2.931642402184,17.060139782867,-19.485729658805,19.73292376955,3.204895960832,13.155847359532,-1.551180574188,-4.187320081081,6.317918175959,-41.099870406756,-1.86308953476,94.36754176611
Variación porcentual anual en valores corrientes|B.1bV---Valor agregado bruto|Tamaulipas<C1>,NA,-6.551682871228,52.465539913729,-38.093267475616,21.153547046307,-4.78389961295,-11.301561437682,25.514484480567,-36.099587200643,17.367915930738,-23.75281732725,31.192941664188,30.495009376739,35.347470988153,-0.822399446159,21.507731402868,-1.722966594426,-1.420502126402,-7.801998470915,-27.16925706254,32.654812815653
Variación porcentual anual en valores corrientes|B.1bV---Valor agregado bruto|Tlaxcala<C1>,NA,NA,NA,NA,NA,NA,NA,NA,NA,NA,NA,NA,NA,NA,NA,NA,NA,NA,NA,NA,NA
Variación porcentual anual en valores corrientes|B.1bV---Valor agregado bruto|Veracruz de Ignacio de la Llave<C1>,NA,-6.207428031621,4.429748999443,5.782443280889,7.293431161315,-20.386239221439,-1.344025616538,0.568565205632,-4.336809802056,5.894712544353,4.55632810928,-13.859666003806,34.554520575149,23.020212385707,20.507768932144,4.109358910144,-43.245549027928,5.869902304312,-2.325749098595,30.363011937464,49.645550734091
Variación porcentual anual en valores corrientes|B.1bV---Valor agregado bruto|Yucatán<C1>,NA,22.941408318371,-27.442090912329,57.903874391349,-3.110505623218,-31.556085835307,54.817302651488,-6.672503076504,15.267551622419,-2.603664169804,-1.60911023351,31.154278572554,-9.00738924782,24.450973635098,32.926068373763,25.00923211776,-1.4279036349,-16.307703116287,77.129328436516,-30.959380465835,-15.222749445486
Variación porcentual anual en valores corrientes|B.1bV---Valor agregado bruto|Zacatecas<C1>,NA,NA,NA,NA,NA,NA,NA,NA,NA,NA,NA,NA,NA,NA,NA,NA,NA,NA,NA,NA,NA
Estructura porcentual en valores corrientes|B.1bV---Valor agregado bruto|Estados Unidos Mexicanos<C1>,100,100,100,100,100,100,100,100,100,100,100,100,100,100,100,100,100,100,100,100,100
Estructura porcentual en valores corrientes|B.1bV---Valor agregado bruto|Aguascalientes<C1>,0,0,0,0,0,0,0,0,0,0,0,0,0,0,0,0,0,0,0,0,0
Estructura porcentual en valores corrientes|B.1bV---Valor agregado bruto|Baja California<C1>,5.180474859709,4.727405171052,5.066668312743,6.399250566738,3.872178954907,5.597929483233,5.716977826982,6.143559032702,6.126821337383,7.235125380674,7.489539318597,6.078603730213,5.257677347185,4.604136825722,4.204970492103,4.774831234332,4.901930717282,6.622370927416,5.199605308317,9.914722093893,10.16708062599
Estructura porcentual en valores corrientes|B.1bV---Valor agregado bruto|Baja California Sur<C1>,8.243076437023,7.475440721303,9.151642909517,8.807677196652,7.133920674504,8.932446264541,10.234590931041,10.381077586732,8.752107404479,9.10118333711,6.913355225353,9.568991754002,8.696968369987,8.651598610245,9.443169235686,10.266682245677,8.78891872128,10.252325456959,7.990113640697,11.252115601966,9.790062249701
Estructura porcentual en valores corrientes|B.1bV---Valor agregado bruto|Campeche<C1>,8.192980187928,6.882936542763,6.148559602014,6.263866424201,5.681198834226,5.948286365812,7.129372548378,8.027260720445,9.214038274645,8.490269663791,6.606264046792,7.413162803854,6.771039211175,6.495982817717,6.965342965097,6.932263796796,6.318830730643,6.145302956247,7.84834877779,9.523937159097,6.26190024857
Estructura porcentual en valores corrientes|B.1bV---Valor agregado bruto|Coahuila de Zaragoza<C1>,0,0,0,0,0,0,0,0,0,0,0,0,0,0,0,0,0,0,0,0,0
Estructura porcentual en valores corrientes|B.1bV---Valor agregado bruto|Colima<C1>,3.237429622981,3.216670664802,3.537293999742,2.177623608404,1.757404299291,2.117520034573,2.010484628668,2.777710106443,2.606171385975,2.876929624328,2.981796347548,2.695990146337,3.672273647085,4.714081163302,1.948001605717,1.423105088338,1.371831301881,1.616534145415,1.119313198337,1.145287753944,1.371007634985
Estructura porcentual en valores corrientes|B.1bV---Valor agregado bruto|Chiapas<C1>,4.563708158588,4.152380645904,3.44723743496,2.819363291011,2.936623367732,3.076774590125,3.633845886769,3.210847734277,2.730917539527,2.613732458589,3.056104494838,3.5224518148,2.039930714471,2.963120024285,3.023857924516,3.218960905016,1.584154066016,1.302102255129,1.78969797506,1.944090898186,1.804147469925
Estructura porcentual en valores corrientes|B.1bV---Valor agregado bruto|Chihuahua<C1>,0,0,0,0,0,0,0,0,0,0,0,0,0,0,0,0,0,0,0,0,0
Estructura porcentual en valores corrientes|B.1bV---Valor agregado bruto|Ciudad de México<C1>,0,0,0,0,0,0,0,0,0,0,0,0,0,0,0,0,0,0,0,0,0
Estructura porcentual en valores corrientes|B.1bV---Valor agregado bruto|Durango<C1>,0,0,0,0,0,0,0,0,0,0,0,0,0,0,0,0,0,0,0,0,0
Estructura porcentual en valores corrientes|B.1bV---Valor agregado bruto|Guanajuato<C1>,0,0,0,0,0,0,0,0,0,0,0,0,0,0,0,0,0,0,0,0,0
Estructura porcentual en valores corrientes|B.1bV---Valor agregado bruto|Guerrero<C1>,0.697276877991,0.738143577922,1.018972945112,0.996522007232,0.893879563509,1.13850585282,1.440229026313,1.046921466643,1.205814172208,1.374262832382,1.349093621085,1.472320587782,1.891175087438,1.990769201043,2.32834860413,2.122181927848,1.850088115857,1.717585534383,1.213533920604,1.183225564583,1.066802712786
Estructura porcentual en valores corrientes|B.1bV---Valor agregado bruto|Hidalgo<C1>,0,0,0,0,0,0,0,0,0,0,0,0,0,0,0,0,0,0,0,0,0
Estructura porcentual en valores corrientes|B.1bV---Valor agregado bruto|Jalisco<C1>,1.06182769897,1.576191785684,1.17219035643,1.270721409252,3.734695506228,2.082746743198,1.062256660103,1.303197644574,0.694398484062,0.862504076185,1.815106037086,1.643792944176,1.452069917634,1.461602489885,1.615419445914,1.595421853769,1.922768974092,1.554565349392,0.767551386188,0.734105863277,1.052537021012
Estructura porcentual en valores corrientes|B.1bV---Valor agregado bruto|México<C1>,0,0,0,0,0,0,0,0,0,0,0,0,0,0,0,0,0,0,0,0,0
Estructura porcentual en valores corrientes|B.1bV---Valor agregado bruto|Michoacán de Ocampo<C1>,0.876753744556,0.997827354658,0.65636575355,0.670179292774,1.446061100226,0.678193267398,0.394210913156,1.03015105982,0.593752503631,0.354525808466,0.632424628852,1.364599856062,1.409714766175,1.653982835005,1.289662533151,1.405651598348,0.736295615091,0.520503744001,0.421919688823,0.263429189652,0.297940352205
Estructura porcentual en valores corrientes|B.1bV---Valor agregado bruto|Morelos<C1>,0,0,0,0,0,0,0,0,0,0,0,0,0,0,0,0,0,0,0,0,0
Estructura porcentual en valores corrientes|B.1bV---Valor agregado bruto|Nayarit<C1>,3.072199889122,3.149506864116,2.369115955378,2.338306197709,3.238686897994,2.977885190639,2.924687907015,2.695641695364,4.526434863785,5.468443422558,4.070801749783,4.4811072481,4.584945145539,6.636829535302,8.723450502452,8.317254461887,12.68628515707,8.474104821371,15.928011669145,11.049921219944,3.888350431606
Estructura porcentual en valores corrientes|B.1bV---Valor agregado bruto|Nuevo León<C1>,0,0,0,0,0,0,0,0,0,0,0,0,0,0,0,0,0,0,0,0,0
Estructura porcentual en valores corrientes|B.1bV---Valor agregado bruto|Oaxaca<C1>,2.287936864849,2.237858832661,2.104171084987,1.917245325345,2.024782489719,1.499951855876,1.765493401745,2.519585050977,1.69476249029,1.490728407276,2.704494410587,2.451438842481,2.32459775421,1.771859334298,2.290001179555,1.886028710366,1.511165462871,1.546168406818,0.899696831026,0.861742824529,1.165364198729
Estructura porcentual en valores corrientes|B.1bV---Valor agregado bruto|Puebla<C1>,0,0,0,0,0,0,0,0,0,0,0,0,0,0,0,0,0,0,0,0,0
Estructura porcentual en valores corrientes|B.1bV---Valor agregado bruto|Querétaro<C1>,0,0,0,0,0,0,0,0,0,0,0,0,0,0,0,0,0,0,0,0,0
Estructura porcentual en valores corrientes|B.1bV---Valor agregado bruto|Quintana Roo<C1>,1.553793218134,1.618854816973,1.418396406732,1.587713121896,1.356151420274,1.463877988643,1.480376815033,1.718651302567,1.807077569901,1.503153170581,1.522511642548,1.149480641777,0.837656600191,0.881194522537,0.827590930364,0.727225278319,1.233791791891,0.958702513396,1.24313579682,0.994107731606,1.571668628267
Estructura porcentual en valores corrientes|B.1bV---Valor agregado bruto|San Luis Potosí<C1>,0,0,0,0,0,0,0,0,0,0,0,0,0,0,0,0,0,0,0,0,0
Estructura porcentual en valores corrientes|B.1bV---Valor agregado bruto|Sinaloa<C1>,17.278441474699,17.620148847659,20.783203315316,20.663853472943,26.600005650287,23.599473745937,19.998353716373,18.245376066041,21.310823002407,18.296304075079,24.292612248676,21.094626674353,26.966581756207,24.320617976414,18.932807226486,20.142191791778,20.518732697971,21.986471213158,17.56189223201,19.045202765163,19.886609660162
Estructura porcentual en valores corrientes|B.1bV---Valor agregado bruto|Sonora<C1>,14.799717925275,15.676494278766,13.258376583265,12.728936445566,10.22380292788,14.73066442998,15.964958830573,13.941711199239,13.646227745983,13.571710449956,13.619641259904,14.235034212119,12.643803574617,10.786850102991,13.0723100441,11.695702359262,14.026906880317,15.920197677045,14.77760935057,14.636788744044,22.523961168755
Estructura porcentual en valores corrientes|B.1bV---Valor agregado bruto|Tabasco<C1>,5.917555821122,5.398994420163,5.481171013118,5.437667961631,5.260458650724,4.72517463083,3.284447980241,3.459858911068,3.828161193801,4.001459135904,4.111749827814,3.053991055796,2.991369185924,2.679596090258,2.836258756293,2.445446388627,2.387622966642,2.552265099266,1.343238759867,1.215117228889,2.180849371823
Estructura porcentual en valores corrientes|B.1bV---Valor agregado bruto|Tamaulipas<C1>,7.923788016542,7.804969974978,10.760998915794,7.301537671973,7.549587972394,7.953797156713,6.93486884794,8.441365785412,5.398830651763,6.434700904775,4.306767475272,5.212308485536,5.564327472105,6.536749552672,6.064220104942,6.453282130875,6.462749229603,6.405565497806,5.277037333638,3.542725383067,4.339545536283
Estructura porcentual en valores corrientes|B.1bV---Valor agregado bruto|Tlaxcala<C1>,0,0,0,0,0,0,0,0,0,0,0,0,0,0,0,0,0,0,0,0,0
Estructura porcentual en valores corrientes|B.1bV---Valor agregado bruto|Veracruz de Ignacio de la Llave<C1>,9.303655199035,9.19790575712,8.686060390147,10.070714836971,9.221598697217,8.123351177843,7.877826017427,7.683325995827,7.356605058467,7.910992709848,7.260734655096,5.769727914296,6.351002646904,6.781375385994,7.644205341481,6.969857531202,4.030959562425,4.290762968395,3.74477557869,4.500002592461,6.21813752062
Estructura porcentual en valores corrientes|B.1bV---Valor agregado bruto|Yucatán<C1>,5.809384003477,7.528269743476,4.939575021197,8.548821169702,7.068962992887,5.353421221839,8.147018062243,7.373758641871,8.507056321691,8.4139745425,7.267003010169,8.792371288316,6.544866803154,7.069653532329,8.790383108013,9.62391269756,9.666968009068,8.134471433804,12.874518552416,8.193477385699,6.414035168582
Estructura porcentual en valores corrientes|B.1bV---Valor agregado bruto|Zacatecas<C1>,0,0,0,0,0,0,0,0,0,0,0,0,0,0,0,0,0,0,0,0,0
Contribución a la variación nacional en valores corrientes|B.1bV---Valor agregado bruto|Estados Unidos Mexicanos<C1>,NA,-5.129083416731,10.583503497881,-8.761919543002,17.172909447025,-9.622748468803,1.730747027956,3.114414244884,-0.088224085697,-1.52619190269,13.920200741727,8.400624351453,22.23943470337,15.212866124183,6.905607784095,14.182149910011,-1.866929843635,-0.540463733377,11.915133477778,8.484431605842,8.296956125629
Contribución a la variación nacional en valores corrientes|B.1bV---Valor agregado bruto|Aguascalientes<C1>,NA,0,0,0,0,0,0,0,0,0,0,0,0,0,0,0,0,0,0,0,0
Contribución a la variación nacional en valores corrientes|B.1bV---Valor agregado bruto|Baja California<C1>,NA,-0.695542243327,0.875494159797,0.771885067982,-1.862105826278,1.187075854694,0.217994767578,0.617917083378,-0.022143027426,0.997882145582,1.296972845702,-0.900294923195,0.348351337513,0.046880650008,-0.108787563998,1.247034465833,0.035583875475,1.684648696982,-0.803225706295,5.556324600542,1.095916750892
Contribución a la variación nacional en valores corrientes|B.1bV---Valor agregado bruto|Baja California Sur<C1>,NA,-1.151057306085,2.644766635657,-1.115687302443,-0.448654784693,0.938978753889,1.479279544862,0.469796414825,-1.63669164899,0.210174409491,-1.225475186399,3.459491580124,1.062133217801,1.270786354436,1.443678855247,2.279549276857,-1.641846470938,1.407996634756,-1.310179110946,4.216680013728,-0.649776182736
Contribución a la variación nacional en valores corrientes|B.1bV---Valor agregado bruto|Campeche<C1>,NA,-1.663075201964,-0.083643920201,-0.433528114182,0.392959541332,-0.3053011036,1.304477586058,1.147890323418,1.178648553177,-0.85334641898,-0.964400400157,1.429650716776,0.86371725143,0.713168776052,0.950359413366,0.950064875519,-0.731401202833,-0.206740908181,2.638187054219,2.483640315753,-2.742489794272
Contribución a la variación nacional en valores corrientes|B.1bV---Valor agregado bruto|Coahuila de Zaragoza<C1>,NA,0,0,0,0,0,0,0,0,0,0,0,0,0,0,0,0,0,0,0,0
Contribución a la variación nacional en valores corrientes|B.1bV---Valor agregado bruto|Colima<C1>,NA,-0.185744679818,0.694992969132,-1.550472019855,-0.118421860178,0.156352108578,-0.072239002947,0.853734877012,-0.173837991345,0.22685077138,0.519938760508,-0.059326196465,1.79297640062,1.758954372576,-2.631558207067,-0.323069620374,-0.076884914436,0.23596606274,-0.363853285461,0.12314571178,0.339471782995
Contribución a la variación nacional en valores corrientes|B.1bV---Valor agregado bruto|Chiapas<C1>,NA,-0.624306579793,-0.340304716435,-0.874904487132,0.621563748461,-0.155919057367,0.61996397633,-0.322999053275,-0.48233952178,-0.157075654079,0.867787916807,0.762255264885,-1.02885204109,1.373964792207,0.269553668447,0.651620841593,-1.664381884027,-0.289089201348,0.700840622509,0.319337985738,0.009745895761
Contribución a la variación nacional en valores corrientes|B.1bV---Valor agregado bruto|Chihuahua<C1>,NA,0,0,0,0,0,0,0,0,0,0,0,0,0,0,0,0,0,0,0,0
Contribución a la variación nacional en valores corrientes|B.1bV---Valor agregado bruto|Ciudad de México<C1>,NA,0,0,0,0,0,0,0,0,0,0,0,0,0,0,0,0,0,0,0,0
Contribución a la variación nacional en valores corrientes|B.1bV---Valor agregado bruto|Durango<C1>,NA,0,0,0,0,0,0,0,0,0,0,0,0,0,0,0,0,0,0,0,0
Contribución a la variación nacional en valores corrientes|B.1bV---Valor agregado bruto|Guanajuato<C1>,NA,0,0,0,0,0,0,0,0,0,0,0,0,0,0,0,0,0,0,0,0
Contribución a la variación nacional en valores corrientes|B.1bV---Valor agregado bruto|Guerrero<C1>,NA,0.003006700084,0.388672404479,-0.109765394382,0.050862684284,0.135070734791,0.326649894562,-0.36070208838,0.157828887037,0.147474772104,0.162627328952,0.246911088526,0.839441148353,0.402447167001,0.498366025534,0.094804346089,-0.30663365916,-0.141785508377,-0.359457427341,0.070081607749,-0.02791069877
Contribución a la variación nacional en valores corrientes|B.1bV---Valor agregado bruto|Hidalgo<C1>,NA,0,0,0,0,0,0,0,0,0,0,0,0,0,0,0,0,0,0,0,0
Contribución a la variación nacional en valores corrientes|B.1bV---Valor agregado bruto|Jalisco<C1>,NA,0.433519895219,-0.27994262188,-0.012808534673,3.105329974383,-1.852366243369,-1.002105107521,0.281527957552,-0.609411787225,0.154942124751,1.205268364939,-0.033224222554,0.131209114638,0.231884202305,0.265371487031,0.206267526854,0.291450372522,-0.376605486625,-0.69555919103,0.028839186973,0.405759692575
Contribución a la variación nacional en valores corrientes|B.1bV---Valor agregado bruto|México<C1>,NA,0,0,0,0,0,0,0,0,0,0,0,0,0,0,0,0,0,0,0,0
Contribución a la variación nacional en valores corrientes|B.1bV---Valor agregado bruto|Michoacán de Ocampo<C1>,NA,0.069894212727,-0.271995108623,-0.044907031202,1.024212570743,-0.833128665083,-0.277159560579,0.668023318015,-0.436922388906,-0.244637439347,0.365933598262,0.846810135018,0.35862750504,0.495886263237,-0.275261265576,0.315340682087,-0.683102105832,-0.218605005057,-0.048311761086,-0.136140029745,0.059231142856
Contribución a la variación nacional en valores corrientes|B.1bV---Valor agregado bruto|Morelos<C1>,NA,0,0,0,0,0,0,0,0,0,0,0,0,0,0,0,0,0,0,0,0
Contribución a la variación nacional en valores corrientes|B.1bV---Valor agregado bruto|Nayarit<C1>,NA,-0.084233859282,-0.529655438732,-0.235690265381,1.456557468551,-0.54735610894,-0.002578334597,-0.145092762699,1.826799762648,0.858549618055,-0.830977897407,0.786746485015,1.123503779266,3.06153638186,2.689028244089,0.773369455616,4.132186651538,-4.257979798987,9.351750698509,-3.940567440796,-6.838956059016
Contribución a la variación nacional en valores corrientes|B.1bV---Valor agregado bruto|Nuevo León<C1>,NA,0,0,0,0,0,0,0,0,0,0,0,0,0,0,0,0,0,0,0,0
Contribución a la variación nacional en valores corrientes|B.1bV---Valor agregado bruto|Oaxaca<C1>,NA,-0.164859678463,0.089007272706,-0.35491325249,0.455251227832,-0.669167228087,0.296097770448,0.832561964972,-0.826317749398,-0.226785459257,1.590237054314,-0.047119399744,0.390136311393,-0.283187831476,0.676280344968,-0.136493050139,-0.403075646508,0.026646464451,-0.53927149748,0.035159974069,0.400311130472
Contribución a la variación nacional en valores corrientes|B.1bV---Valor agregado bruto|Puebla<C1>,NA,0,0,0,0,0,0,0,0,0,0,0,0,0,0,0,0,0,0,0,0
Contribución a la variación nacional en valores corrientes|B.1bV---Valor agregado bruto|Querétaro<C1>,NA,0,0,0,0,0,0,0,0,0,0,0,0,0,0,0,0,0,0,0,0
Contribución a la variación nacional en valores corrientes|B.1bV---Valor agregado bruto|Quintana Roo<C1>,NA,-0.017970815119,-0.050342376921,0.03020256885,0.001328953746,-0.033138728368,0.042120404119,0.291800408521,0.086831989671,-0.326865401295,0.231295148926,-0.276467450062,-0.125533948949,0.177592865354,0.003546591535,0.002770527109,0.483532486402,-0.280270717891,0.432554572925,-0.164683674637,0.707961553188
Contribución a la variación nacional en valores corrientes|B.1bV---Valor agregado bruto|San Luis Potosí<C1>,NA,0,0,0,0,0,0,0,0,0,0,0,0,0,0,0,0,0,0,0,0
Contribución a la variación nacional en valores corrientes|B.1bV---Valor agregado bruto|Sinaloa<C1>,NA,-0.562044759588,5.362645517505,-1.929900058156,10.504147060572,-5.271449902883,-3.254999116977,-1.184741059099,3.046645657617,-3.293755638613,9.377888564022,-1.42590522907,11.869170423256,1.053899273533,-4.080385340348,4.065980400364,-0.006529438081,1.34890961203,-2.33205608048,3.099187735957,2.491390173378
Contribución a la variación nacional en valores corrientes|B.1bV---Valor agregado bruto|Sonora<C1>,NA,0.072715885114,-1.014916946049,-1.644739307739,-0.749409098839,3.08936671622,1.510607451068,-1.589044991765,-0.307522712917,-0.281647641971,1.943812213631,1.811224702675,1.220679802497,-0.215964406441,3.188182401076,0.282094356781,2.069332010367,1.807247902002,0.61818355247,1.101027723754,9.755975600636
Contribución a la variación nacional en valores corrientes|B.1bV---Valor agregado bruto|Tabasco<C1>,NA,-0.795480328433,0.662276518853,-0.5199471433,0.726164489679,-0.98997568933,-1.383881164787,0.283165269606,0.364924922521,0.112227996781,0.68265452194,-0.801204455694,0.602641726969,0.095870270213,0.352523571486,-0.043995494861,-0.102398667703,0.150848065383,-1.048977648235,-0.025025740762,1.146676258479
Contribución a la variación nacional en valores corrientes|B.1bV---Valor agregado bruto|Tamaulipas<C1>,NA,-0.519141462232,4.094919637476,-4.099216100041,1.544534206545,-0.361164709791,-0.898903272294,1.769396035955,-3.04729820263,0.937664368841,-1.528422751466,1.343407466174,1.589493961409,1.966849038888,-0.053758192118,1.30427617185,-0.111187895359,-0.091803490231,-0.499762122192,-1.433731838462,1.156870342413
Contribución a la variación nacional en valores corrientes|B.1bV---Valor agregado bruto|Tlaxcala<C1>,NA,0,0,0,0,0,0,0,0,0,0,0,0,0,0,0,0,0,0,0,0
Contribución a la variación nacional en valores corrientes|B.1bV---Valor agregado bruto|Veracruz de Ignacio de la Llave<C1>,NA,-0.57751770079,0.407444138246,0.502266515404,0.734500654087,-1.879937170456,-0.109179920752,0.044790577695,-0.333211234911,0.43365072122,0.360450784562,-1.006313572619,1.993701819276,1.462014297939,1.390708794581,0.31412783331,-3.014153155833,0.236613388241,-0.09979238106,1.137026655989,2.234051070076
Contribución a la variación nacional en valores corrientes|B.1bV---Valor agregado bruto|Yucatán<C1>,NA,1.33275450502,-2.06591462713,2.86020531574,-0.265911563202,-2.230688029702,2.934601113384,-0.543610030847,1.12579240716,-0.221495177353,-0.135390125408,2.263982361664,-0.791963106052,1.600283656492,2.327758955843,2.198407315523,-0.137420199228,-1.576460443265,6.274063188753,-3.985871181787,-1.247272533298
Contribución a la variación nacional en valores corrientes|B.1bV---Valor agregado bruto|Zacatecas<C1>,NA,0,0,0,0,0,0,0,0,0,0,0,0,0,0,0,0,0,0,0,0
Índice de precios implícitos base 2018=100|B.1bV---Valor agregado bruto|Estados Unidos Mexicanos<C1>,62.717267597323,62.081055503501,65.252425223591,65.61396054532,67.442720477935,63.877179954512,63.901232239334,63.182539822153,62.566077550516,64.12182910079,67.516636539118,66.870327778025,67.787073215746,75.387360423511,86.305789417187,100,120.787174810652,128.402918269627,129.602154055708,150.457282868813,156.054036078927
Índice de precios implícitos base 2018=100|B.1bV---Valor agregado bruto|Aguascalientes<C1>,NA,NA,NA,NA,NA,NA,NA,NA,NA,NA,NA,NA,NA,NA,NA,NA,NA,NA,NA,NA,NA
Índice de precios implícitos base 2018=100|B.1bV---Valor agregado bruto|Baja California<C1>,50.343094616797,53.669256295788,62.330934939615,70.670092914285,58.200854846559,63.682567040361,72.4249234957,58.9421248907,61.331342893257,76.966187755908,70.530376825049,58.964553712995,76.199583122843,80.547697836607,74.200370964087,100,108.457480154118,131.655152372609,112.03096787976,249.660542865868,263.649333678436
Índice de precios implícitos base 2018=100|B.1bV---Valor agregado bruto|Baja California Sur<C1>,46.608559191814,44.38339509032,46.324014341717,43.425955930007,46.580134376389,44.158437061143,64.94814106314,45.525550160732,49.642204882314,52.845978274544,55.483893074248,56.122745767161,60.599291373617,71.384474677032,78.752089865713,100,115.154152681648,131.607096876695,117.301461336379,189.312328118993,176.844216037783
Índice de precios implícitos base 2018=100|B.1bV---Valor agregado bruto|Campeche<C1>,74.077993124158,71.923473741864,72.017941156724,73.901466991271,87.593197274586,78.316590160783,82.564911114113,78.608308908732,83.71776993146,71.970254928308,77.164683214326,86.578167699201,75.020121116138,80.9502009419,107.688828916938,100,120.960864574975,123.404009153004,137.322243851827,194.515829697262,170.762207400785
Índice de precios implícitos base 2018=100|B.1bV---Valor agregado bruto|Coahuila de Zaragoza<C1>,NA,NA,NA,NA,NA,NA,NA,NA,NA,NA,NA,NA,NA,NA,NA,NA,NA,NA,NA,NA,NA
Índice de precios implícitos base 2018=100|B.1bV---Valor agregado bruto|Colima<C1>,80.609976619099,82.38735701084,86.18535547773,83.612123911047,89.08098841828,88.903790701907,83.424540242722,81.969022998466,79.557915583941,84.18458114726,89.962585850543,82.625179690329,121.013310682329,216.17952245488,120.392130925873,100,112.846006791379,137.335931834663,102.500371039697,119.820532151591,115.582691978793
Índice de precios implícitos base 2018=100|B.1bV---Valor agregado bruto|Chiapas<C1>,66.614676700055,81.543771962581,76.249548943308,80.520878620376,77.11961701759,68.33857864676,46.960614949392,47.930994174833,49.373969243607,45.203237733281,44.316650016182,43.436555541083,41.676815128439,70.529287354653,77.465646808679,100,61.928190661882,81.472852174029,69.8306358317,98.122019915282,77.18907208549
Índice de precios implícitos base 2018=100|B.1bV---Valor agregado bruto|Chihuahua<C1>,NA,NA,NA,NA,NA,NA,NA,NA,NA,NA,NA,NA,NA,NA,NA,NA,NA,NA,NA,NA,NA
Índice de precios implícitos base 2018=100|B.1bV---Valor agregado bruto|Ciudad de México<C1>,NA,NA,NA,NA,NA,NA,NA,NA,NA,NA,NA,NA,NA,NA,NA,NA,NA,NA,NA,NA,NA
Índice de precios implícitos base 2018=100|B.1bV---Valor agregado bruto|Durango<C1>,NA,NA,NA,NA,NA,NA,NA,NA,NA,NA,NA,NA,NA,NA,NA,NA,NA,NA,NA,NA,NA
Índice de precios implícitos base 2018=100|B.1bV---Valor agregado bruto|Guanajuato<C1>,NA,NA,NA,NA,NA,NA,NA,NA,NA,NA,NA,NA,NA,NA,NA,NA,NA,NA,NA,NA,NA
Índice de precios implícitos base 2018=100|B.1bV---Valor agregado bruto|Guerrero<C1>,74.751431901019,72.711990586201,74.00925495973,70.86132540678,76.617293552036,76.660828416913,76.993081617726,85.202690741724,79.686645757201,81.264707420384,85.362918575095,76.592811973215,71.086705202312,68.111164267386,76.736448568831,100,150.303035528006,166.219230133818,148.001302234728,179.012936593408,177.833238644049
Índice de precios implícitos base 2018=100|B.1bV---Valor agregado bruto|Hidalgo<C1>,NA,NA,NA,NA,NA,NA,NA,NA,NA,NA,NA,NA,NA,NA,NA,NA,NA,NA,NA,NA,NA
Índice de precios implícitos base 2018=100|B.1bV---Valor agregado bruto|Jalisco<C1>,57.367421402509,59.64996447979,63.96896053898,63.971098054958,60.898205404969,75.718362200544,63.96677471637,74.924966234806,62.153630305156,68.150930212246,71.795383540718,65.47951848471,72.196695526801,74.336031446378,81.321194054866,100,128.1536230859,167.564863372895,136.275156993179,179.58722992583,184.326682582992
Índice de precios implícitos base 2018=100|B.1bV---Valor agregado bruto|México<C1>,NA,NA,NA,NA,NA,NA,NA,NA,NA,NA,NA,NA,NA,NA,NA,NA,NA,NA,NA,NA,NA
Índice de precios implícitos base 2018=100|B.1bV---Valor agregado bruto|Michoacán de Ocampo<C1>,52.373583862946,54.603183073414,59.557911582317,53.217698300012,53.339215626616,61.009051909933,61.800281293952,60.481450737501,66.114760854282,64.930963274892,67.95962629296,49.887427187643,44.195026538596,55.407269878041,68.496870717367,100,111.985538590658,127.573221757322,101.979399497661,164.072249589491,146.028715745933
Índice de precios implícitos base 2018=100|B.1bV---Valor agregado bruto|Morelos<C1>,NA,NA,NA,NA,NA,NA,NA,NA,NA,NA,NA,NA,NA,NA,NA,NA,NA,NA,NA,NA,NA
Índice de precios implícitos base 2018=100|B.1bV---Valor agregado bruto|Nayarit<C1>,45.109758748098,44.652362057762,44.518275177822,50.070366422799,53.11926078001,52.078785968245,51.667941214929,49.921248423961,52.618871668202,66.685179094257,59.599211265045,67.952306359966,63.493470328988,67.614206624146,86.395020060836,100,169.134955342174,115.175359092788,211.935979825298,192.516520397102,107.913601016141
Índice de precios implícitos base 2018=100|B.1bV---Valor agregado bruto|Nuevo León<C1>,NA,NA,NA,NA,NA,NA,NA,NA,NA,NA,NA,NA,NA,NA,NA,NA,NA,NA,NA,NA,NA
Índice de precios implícitos base 2018=100|B.1bV---Valor agregado bruto|Oaxaca<C1>,75.541996624692,73.444225753284,80.6772268524,82.93822514895,89.900108955402,83.852698445094,79.856954448615,80.737570658879,71.645115273112,72.680140123956,85.71244057101,80.083633067228,74.735028086317,72.373490347571,83.468266213616,100,125.885556174362,132.555820824529,135.362967425449,137.771689497717,142.899361181317
Índice de precios implícitos base 2018=100|B.1bV---Valor agregado bruto|Puebla<C1>,NA,NA,NA,NA,NA,NA,NA,NA,NA,NA,NA,NA,NA,NA,NA,NA,NA,NA,NA,NA,NA
Índice de precios implícitos base 2018=100|B.1bV---Valor agregado bruto|Querétaro<C1>,NA,NA,NA,NA,NA,NA,NA,NA,NA,NA,NA,NA,NA,NA,NA,NA,NA,NA,NA,NA,NA
Índice de precios implícitos base 2018=100|B.1bV---Valor agregado bruto|Quintana Roo<C1>,101.940760523201,102.951937984496,108.136407946486,98.883387759402,97.500370644922,99.676843004739,82.54399019522,94.555006402355,90.713864177832,92.92831271783,105.150784077201,85.224120309534,69.189731926836,87.994262430343,96.365524402908,100,182.795107225961,182.622657615544,209.543935206017,244.374594944913,220.054536158609
Índice de precios implícitos base 2018=100|B.1bV---Valor agregado bruto|San Luis Potosí<C1>,NA,NA,NA,NA,NA,NA,NA,NA,NA,NA,NA,NA,NA,NA,NA,NA,NA,NA,NA,NA,NA
Índice de precios implícitos base 2018=100|B.1bV---Valor agregado bruto|Sinaloa<C1>,64.794466488866,57.046755792973,56.901168040406,60.708259358143,61.798736829195,57.056799287706,60.157404877325,61.360746854092,56.502018514692,51.70490363235,59.985211743773,62.882599217097,72.188089431006,77.613037409167,85.328085803965,100,105.878294391116,121.446521457778,107.576543305045,113.102505999096,113.988555938409
Índice de precios implícitos base 2018=100|B.1bV---Valor agregado bruto|Sonora<C1>,58.27472244256,59.673696880159,76.7240114562,66.639132222257,71.368482269585,61.877377560145,55.699825889626,69.741307552949,61.501690075894,70.679171900528,75.117042250808,67.964647155361,62.655656467863,69.314872674549,84.127772438154,100,127.387657233614,139.640313286996,134.349821104162,148.613437242632,221.119871391961
Índice de precios implícitos base 2018=100|B.1bV---Valor agregado bruto|Tabasco<C1>,81.261016906088,87.693483434373,92.617854681592,91.065546572139,95.456484481997,88.523784282881,78.223338051868,77.069514363653,78.021768357345,85.625413946447,87.8761862101,87.687879099414,76.811703207852,75.773294080009,86.778161392071,100,175.03617494671,198.047754669493,123.283895524347,138.454144011535,173.907866724474
Índice de precios implícitos base 2018=100|B.1bV---Valor agregado bruto|Tamaulipas<C1>,70.170634343567,67.859217024524,70.001763944122,71.16738811981,72.196848685638,74.446174315473,67.001464877609,66.081143439001,60.513318562044,67.748730828587,70.920403813152,79.722998819815,67.600253369061,75.286922987952,89.953559088255,100,106.656555767853,124.524032249032,112.09217366299,116.62876749582,140.014819042732
Índice de precios implícitos base 2018=100|B.1bV---Valor agregado bruto|Tlaxcala<C1>,NA,NA,NA,NA,NA,NA,NA,NA,NA,NA,NA,NA,NA,NA,NA,NA,NA,NA,NA,NA,NA
Índice de precios implícitos base 2018=100|B.1bV---Valor agregado bruto|Veracruz de Ignacio de la Llave<C1>,63.158555828577,65.427562156097,68.485695463466,72.18336020672,77.448272159364,83.124754842445,83.703511288839,80.649337306072,85.349454557395,82.055562562345,86.184011996876,80.923122506321,72.535779043082,76.704117373025,87.801766759357,100,131.530779725341,121.163093387324,102.341256503852,127.261159477199,160.007600735851
Índice de precios implícitos base 2018=100|B.1bV---Valor agregado bruto|Yucatán<C1>,69.544379779499,69.511868450967,71.882158187523,71.67854552527,78.150270041059,68.916160224646,56.748510347112,55.771255593577,62.751845987326,57.778509867268,60.64506202831,70.703771153805,56.943602028594,62.514640918135,95.824146481517,100,120.882818948335,126.946702033245,143.287747105191,124.62795997888,125.329648375067
Índice de precios implícitos base 2018=100|B.1bV---Valor agregado bruto|Zacatecas<C1>,NA,NA,NA,NA,NA,NA,NA,NA,NA,NA,NA,NA,NA,NA,NA,NA,NA,NA,NA,NA,NA
Variación porcentual anual del índice de precios implícitos|B.1bV---Valor agregado bruto|Estados Unidos Mexicanos<C1>,NA,-1.014412965034,5.108433956815,0.554056528152,2.787150657293,-5.286768532105,0.037653955355,-1.124692579463,-0.975684537805,2.486573573384,5.294308484232,-0.957258528005,1.370930079428,11.212000824369,14.483102913192,15.867082237806,20.787174810652,6.305092797239,0.933963030001,16.091652924334,3.719828713771
Variación porcentual anual del índice de precios implícitos|B.1bV---Valor agregado bruto|Aguascalientes<C1>,NA,NA,NA,NA,NA,NA,NA,NA,NA,NA,NA,NA,NA,NA,NA,NA,NA,NA,NA,NA,NA
Variación porcentual anual del índice de precios implícitos|B.1bV---Valor agregado bruto|Baja California<C1>,NA,6.606986925037,16.138995100081,13.378843078078,-17.644292731934,9.418611132524,13.728021437638,-18.61624141833,4.053498252714,25.492422185933,-8.36186787797,-16.398357179833,29.22947487017,5.706218506149,-7.880208923408,34.770215702021,8.457480154118,21.388725042779,-14.90574743122,122.849581317393,5.603124407241
Variación porcentual anual del índice de precios implícitos|B.1bV---Valor agregado bruto|Baja California Sur<C1>,NA,-4.774153374569,4.372399289076,-6.256060604619,7.263348333577,-5.198991689628,47.079800340784,-29.904767995632,9.042515042757,6.453729039282,4.991703977925,1.151420092419,7.976348172679,17.797540299474,10.321033000543,26.980757171675,15.154152681648,14.287755857605,-10.869957532548,61.389573464999,-6.586001136372
Variación porcentual anual del índice de precios implícitos|B.1bV---Valor agregado bruto|Campeche<C1>,NA,-2.908447288364,0.131344344128,2.615356401883,18.52700743401,-10.59055657567,5.424547908187,-4.792111021488,6.499899430047,-14.032283722763,7.217465453183,12.199213542715,-13.349839676926,7.904652428622,33.0309593601,-7.139857489646,20.960864574975,2.019781014805,11.278591995797,41.64917805097,-12.211665412243
Variación porcentual anual del índice de precios implícitos|B.1bV---Valor agregado bruto|Coahuila de Zaragoza<C1>,NA,NA,NA,NA,NA,NA,NA,NA,NA,NA,NA,NA,NA,NA,NA,NA,NA,NA,NA,NA,NA
Variación porcentual anual del índice de precios implícitos|B.1bV---Valor agregado bruto|Colima<C1>,NA,2.204913667373,4.609928761752,-2.985694672163,6.54075539697,-0.198917546291,-6.163123547293,-1.744711136581,-2.941486095998,5.815468554399,6.863495220313,-8.156064091359,46.460571869102,78.641110829842,-44.309188234514,-16.938092854614,12.846006791379,21.702075013216,-25.365219669463,16.897656990126,-3.53682302749
Variación porcentual anual del índice de precios implícitos|B.1bV---Valor agregado bruto|Chiapas<C1>,NA,22.411120194649,-6.492492181625,5.601776976076,-4.22407412967,-11.386257751808,-31.282423662731,2.066368224706,3.010526056502,-8.447227505141,-1.961336757182,-1.985922841139,-4.051289036903,69.22907169681,9.834722161798,29.089479168715,-38.071809338118,31.56020110269,-14.289687953308,40.51428681212,-21.33358837075
Variación porcentual anual del índice de precios implícitos|B.1bV---Valor agregado bruto|Chihuahua<C1>,NA,NA,NA,NA,NA,NA,NA,NA,NA,NA,NA,NA,NA,NA,NA,NA,NA,NA,NA,NA,NA
Variación porcentual anual del índice de precios implícitos|B.1bV---Valor agregado bruto|Ciudad de México<C1>,NA,NA,NA,NA,NA,NA,NA,NA,NA,NA,NA,NA,NA,NA,NA,NA,NA,NA,NA,NA,NA
Variación porcentual anual del índice de precios implícitos|B.1bV---Valor agregado bruto|Durango<C1>,NA,NA,NA,NA,NA,NA,NA,NA,NA,NA,NA,NA,NA,NA,NA,NA,NA,NA,NA,NA,NA
Variación porcentual anual del índice de precios implícitos|B.1bV---Valor agregado bruto|Guanajuato<C1>,NA,NA,NA,NA,NA,NA,NA,NA,NA,NA,NA,NA,NA,NA,NA,NA,NA,NA,NA,NA,NA
Variación porcentual anual del índice de precios implícitos|B.1bV---Valor agregado bruto|Guerrero<C1>,NA,-2.728297322142,1.784113408353,-4.253426891897,8.122862664809,0.056821199051,0.433406744584,10.662788073296,-6.474026743174,1.980333904367,5.043039327652,-10.273906689548,-7.18880353006,-4.185791037097,12.663539662286,30.316168997973,50.303035528006,10.589403301071,-10.960180650833,20.953622630628,-0.659001506711
Variación porcentual anual del índice de precios implícitos|B.1bV---Valor agregado bruto|Hidalgo<C1>,NA,NA,NA,NA,NA,NA,NA,NA,NA,NA,NA,NA,NA,NA,NA,NA,NA,NA,NA,NA,NA
Variación porcentual anual del índice de precios implícitos|B.1bV---Valor agregado bruto|Jalisco<C1>,NA,3.978814144819,7.240567696655,0.00334148931,-4.803564020973,24.335949962765,-15.520128992026,17.131067756699,-17.04550108121,9.649154647355,5.347620813277,-8.797035052297,10.258439887061,2.963204761612,9.396738664381,22.969173242257,28.1536230859,30.753122181008,-18.673190637875,31.782809052144,2.639081107894
Variación porcentual anual del índice de precios implícitos|B.1bV---Valor agregado bruto|México<C1>,NA,NA,NA,NA,NA,NA,NA,NA,NA,NA,NA,NA,NA,NA,NA,NA,NA,NA,NA,NA,NA
Variación porcentual anual del índice de precios implícitos|B.1bV---Valor agregado bruto|Michoacán de Ocampo<C1>,NA,4.257106438052,9.074065338355,-10.645459375354,0.228340064463,14.379357088802,1.296904900583,-2.134020313238,9.314112092368,-1.790519339545,4.664435679548,-26.592552212414,-11.410491520511,25.369921046779,23.624338228788,45.992070809514,11.985538590658,13.919371521391,-20.062064677137,60.887640442768,-10.997309958694
Variación porcentual anual del índice de precios implícitos|B.1bV---Valor agregado bruto|Morelos<C1>,NA,NA,NA,NA,NA,NA,NA,NA,NA,NA,NA,NA,NA,NA,NA,NA,NA,NA,NA,NA,NA
Variación porcentual anual del índice de precios implícitos|B.1bV---Valor agregado bruto|Nayarit<C1>,NA,-1.013963947114,-0.30029067615,12.471487771707,6.089219182991,-1.958752430826,-0.788890803957,-3.380612329224,5.403757576996,26.732438344084,-10.626001047693,14.015445704095,-6.561714045963,6.490015861169,27.776430981567,15.747412211472,69.134955342174,-31.90327873988,84.011564187577,-9.162889399055,-43.945797070533
Variación porcentual anual del índice de precios implícitos|B.1bV---Valor agregado bruto|Nuevo León<C1>,NA,NA,NA,NA,NA,NA,NA,NA,NA,NA,NA,NA,NA,NA,NA,NA,NA,NA,NA,NA,NA
Variación porcentual anual del índice de precios implícitos|B.1bV---Valor agregado bruto|Oaxaca<C1>,NA,-2.776959790764,9.848291032999,2.802523568003,8.394059306127,-6.726811102429,-4.765194287809,1.102742042123,-11.261740118715,1.444655154644,17.931033738828,-6.567083455194,-6.678774146549,-3.159880713524,15.329889180089,19.806010758718,25.885556174362,5.298673535611,2.117709040206,1.779454246668,3.721861655536
Variación porcentual anual del índice de precios implícitos|B.1bV---Valor agregado bruto|Puebla<C1>,NA,NA,NA,NA,NA,NA,NA,NA,NA,NA,NA,NA,NA,NA,NA,NA,NA,NA,NA,NA,NA
Variación porcentual anual del índice de precios implícitos|B.1bV---Valor agregado bruto|Querétaro<C1>,NA,NA,NA,NA,NA,NA,NA,NA,NA,NA,NA,NA,NA,NA,NA,NA,NA,NA,NA,NA,NA
Variación porcentual anual del índice de precios implícitos|B.1bV---Valor agregado bruto|Quintana Roo<C1>,NA,0.991926542538,5.035815802487,-8.556803728549,-1.398634437814,2.232270857455,-17.188398321067,14.551048693828,-4.062336168831,2.441135718413,13.15258073875,-18.950561274975,-18.814378282182,27.17820980054,9.513417967668,3.771551724137,82.795107225961,-0.094340386367,14.741477285446,16.62212733795,-9.951958709859
Variación porcentual anual del índice de precios implícitos|B.1bV---Valor agregado bruto|San Luis Potosí<C1>,NA,NA,NA,NA,NA,NA,NA,NA,NA,NA,NA,NA,NA,NA,NA,NA,NA,NA,NA,NA,NA
Variación porcentual anual del índice de precios implícitos|B.1bV---Valor agregado bruto|Sinaloa<C1>,NA,-11.957364750004,-0.255207768686,6.690708554583,1.796258832952,-7.673194930497,5.434243820766,2.000322286543,-7.918300523547,-8.490165499299,16.014550902755,4.830169618639,14.798195891653,7.515018088054,9.940402608038,17.194706828116,5.878294391116,14.703889174067,-11.420646706258,5.136772872857,0.783404338822
Variación porcentual anual del índice de precios implícitos|B.1bV---Valor agregado bruto|Sonora<C1>,NA,2.400653969614,28.572579658141,-13.144358646706,7.096956232195,-13.298734129708,-9.983538272149,25.209202073894,-11.814544014391,14.92232459516,6.278894094183,-9.521667628454,-7.811400352542,10.628276171844,21.370449359628,18.866810687891,27.387657233614,9.618401279578,-3.788656769883,10.616773451013,48.788612587536
Variación porcentual anual del índice de precios implícitos|B.1bV---Valor agregado bruto|Tabasco<C1>,NA,7.915808555188,5.615435781958,-1.676035484507,4.82173343832,-7.262681248673,-11.635795187085,-1.475037651103,1.235578038287,9.745543774754,2.628626432172,-0.214286849267,-12.403283102824,-1.351889210207,14.523411507545,15.236366380467,75.03617494671,13.146756508927,-37.750419978209,12.305133953357,25.606833920396
Variación porcentual anual del índice de precios implícitos|B.1bV---Valor agregado bruto|Tamaulipas<C1>,NA,-3.293995188537,3.157341056299,1.665135433756,1.446534140181,3.115545443859,-10.000123587703,-1.373584055646,-8.425739306549,11.956726946192,4.681523839302,12.411935822947,-15.206083100503,11.370770427333,19.480987558291,11.168475170491,6.656555767853,16.75234715067,-9.983501466753,4.047199447188,20.051700835945
Variación porcentual anual del índice de precios implícitos|B.1bV---Valor agregado bruto|Tlaxcala<C1>,NA,NA,NA,NA,NA,NA,NA,NA,NA,NA,NA,NA,NA,NA,NA,NA,NA,NA,NA,NA,NA
Variación porcentual anual del índice de precios implícitos|B.1bV---Valor agregado bruto|Veracruz de Ignacio de la Llave<C1>,NA,3.592555747599,4.674074971757,5.399178205362,7.293802806583,7.329385827228,0.69625040999,-3.648800314037,5.827843610773,-3.859300580339,5.031285272579,-6.10425224895,-10.364582091582,5.746596210771,14.46812735275,13.892924585533,31.530779725341,-7.882327132605,-15.534298735097,24.349811429576,25.731685451537
Variación porcentual anual del índice de precios implícitos|B.1bV---Valor agregado bruto|Yucatán<C1>,NA,-0.046749038003,3.409906522982,-0.283258971888,9.028816737789,-11.815838654891,-17.655728116412,-1.722080011541,12.516466268249,-7.925402100621,4.961277415474,16.586196450421,-19.461718803199,9.783432538643,53.282727172667,4.357830120917,20.882818948335,5.016331632291,12.872366757245,-13.022597886624,0.56302646397
Variación porcentual anual del índice de precios implícitos|B.1bV---Valor agregado bruto|Zacatecas<C1>,NA,NA,NA,NA,NA,NA,NA,NA,NA,NA,NA,NA,NA,NA,NA,NA,NA,NA,NA,NA,NA
